userId,token
1,f46446b5-928a-4c4b-996a-a6b425c404d7
2,1265cc12-bb6f-4006-b60d-047bb56fe593
4,8d2687dd-fc99-46b7-98d8-3492820a9886
5,312b9b58-3e00-411b-9e18-a0dac8b34f6c
6,28554724-4a5d-4616-a8bb-e2a633087cd6
10,37c75202-f618-4f6f-b895-39ef845971a4
11,1b7d1204-7097-42c4-99a1-b3a20007abe4
12,647f4fcf-1b87-49f4-b38f-01fb0b332bf0
13,1f7daeec-5bf4-4945-9489-bf566da67339
14,842f9859-c746-4fe6-bb58-7ffd84682fcd
15,d4938233-12a3-4ce9-a421-e2b55ae707d2
16,d92d62a2-e941-49a7-9026-9081cddae578
17,99ff5ff6-97fa-4484-9efe-3ece3b6a9747
18,2cc6dbdd-f3d0-44c5-a7d5-ca1039608fe8
19,1550145a-2e60-4a74-a96f-81a50a825490
20,ce7ff581-6366-4f5a-9585-692e9c12db28
21,6f2f4338-5390-495b-87a4-a5c3966c7901
22,8121f5e2-c2aa-4d80-827d-9ff8174fde44
23,f9e634ef-d715-422f-93b1-b074d3d5cd24
24,73c16158-2844-4d7e-a5fb-356c5fb2f191
25,76a28637-19a3-49c6-92d8-1c6613efaf30
26,b03f4112-f9ba-4fe6-970a-dbceb5c46b3d
27,795feed8-d60e-402c-a107-b835bcf62a12
28,6eefb0ba-026a-427e-9227-f000a01b05fa
29,f42a4c99-b8c9-4c91-8e6b-721c8ae083bf
30,ad3d0db9-1c12-4e2c-9833-1d4f952739bc
31,d7c25cee-9776-4001-a06b-8218d99ff26d
32,2e4be6f6-922c-43cb-b543-01e9538b79de
33,20fe93a6-9962-4ff1-9d4d-a1b14f5ba945
34,17082434-7638-40a0-8699-f461358b5e2a
35,0ac6c69e-fb99-42f6-b9b9-261b7b1ee167
36,7d43b299-34e0-4bfc-84c1-9ed002d281e8
37,0915b899-a681-48cf-b030-c36c452f4f05
38,245263bd-0942-4d34-9023-b7458fc08cb6
39,a983c2bb-32b0-4c93-a547-915ce189447a
40,714c3daa-caee-44ac-8666-2d050edcde80
41,6bc2b592-6bb5-49cc-8312-0e5cc0e30ac6
42,5761d388-7a4c-4689-b6ed-2f9c00ac2457
43,97e6f11f-7842-491d-befd-51344ff5965b
44,b7753067-a462-4728-9410-e34ac9109da8
45,041bba59-8fae-4be2-aec9-35feb4f58a46
46,f1d26dde-67a3-489b-9022-09e39a18e357
47,8f770ed3-c43b-41ba-b449-13dd055fbe1e
48,b19140be-5294-40f9-8e75-ac740ac831ed
49,e01639b9-ce17-4c4d-a823-cd41407cf3c9
50,edad75e2-e43e-46b0-af7d-21c4b5dfe42e
51,2045ac2e-4ce8-4ba4-978d-ff3978325d83
52,057ab11f-aa4f-4d07-a132-b62989b1bedc
53,a0943e40-4304-4f5a-b02b-e148f3c51520
54,86a7c68b-5a95-4b1b-9812-089d89229731
55,93579957-9e22-40ce-8cae-fd90604c0601
56,29c04501-7464-428e-829a-8cd5aabf50c9
57,53ac2587-944b-490a-99a9-c3ddd73bf50e
58,f7c1097a-722a-479a-b258-b1f8c467d912
59,7ff09373-3251-41eb-a910-ab8e8a139541
60,0727d32e-4cb7-474c-a9a6-df36fd68bc3d
61,30deb199-4245-4111-9f38-b51250f5471f
62,3e1abc59-5f5c-456e-a8c0-ba826167a0ea
63,b6568d5a-5039-4862-acc7-a41801b50f13
64,83f63093-b268-41b6-827c-7515894263f5
65,8057b8e6-1911-46bf-8ce3-018ef42e5fac
66,e018b9d6-0c8f-49b8-b856-233851c921e9
67,49d12fcf-5b1e-487a-8aa7-70747e171169
68,0f9ae53f-a669-4b66-b727-f4dcbf83ccea
69,4be3383b-9956-4793-bd6f-70b702680af2
70,03802501-0fff-48f0-b262-14632036613f
71,99ce11bc-5195-410a-9b97-7250924f82b4
72,a3a04dd1-9159-4045-aadb-cb5bd63813c4
73,b873e4e1-e552-4d21-a77d-adeeb9edd322
74,753412ff-1e7f-48c1-b839-bda719761d07
75,e4f0e319-0093-4f38-937a-f8809b535fb8
76,77002eb6-25cf-4dc9-bc6d-cca3097f3973
77,d0b1aa1d-854c-4eab-b8e7-a662d4468dd1
78,c320209a-9dbf-4a05-99f5-065a8549e848
79,1491586e-a143-419e-b74c-567034adcf04
80,e0d92ff5-ce68-466f-acb6-04d97e7b371a
81,7c6ff0e5-f193-4ccb-9a37-0d62c690a7df
82,a9e5106a-f875-4f8e-aa37-cccbab866ef2
83,527293a3-499c-4ef9-b103-f77b1556e494
84,fbde8d0f-b8a3-4dcd-82d1-fc3da65b419d
85,6583adcc-43b9-4da2-b4fb-ce9eae53a872
86,f965bfa5-ecba-4dca-a800-818a2f106fe8
87,175f0480-c362-44b5-a09d-f92387e4cddb
88,89c532ff-a81a-4738-913d-5112edae7864
89,944c3155-56bd-4c21-8875-4af7d29a0bce
90,3282dd76-8f22-4253-8edc-331f379f7e7b
91,b9c0f851-f971-40c8-a70d-bc8baaf04aa5
92,919acae0-463a-4970-9310-fea349a1ca2f
93,8ea70992-2b84-4960-8721-9b0e2a0aa3bc
94,646ef7ae-8ac5-4493-9e98-59efb295fa64
95,8f1afaef-f790-4789-886b-daa9f9751ea2
96,90ce7e7f-aa6f-4222-82ea-93ac1f494e83
97,96123454-7457-4193-8b26-471caced19d8
98,89c560e4-af3c-45a4-8a98-f4df099b83a1
99,e1f0994e-df1b-45f6-bcdf-47dcf84f8803
100,af108069-f30c-4fb2-a6f2-f3103db75f80
101,3a62ccab-3bee-43d5-8441-d24ba8c89d3f
102,5dd68b00-cdff-4f42-adf3-e0ccd47e4d28
103,60d7b598-ec87-4b97-915e-8cbc322b14d2
104,5a13060f-5af5-46da-8ee0-a08681a4eebb
105,908420f0-65d4-46b2-8564-f84e219b4b9e
106,c678a1be-9fa2-411c-b8e3-0492382b13a4
107,78f73971-fda0-4806-86eb-0b171d4b13c8
108,7750a54c-b8a8-40e0-8643-d73c9fe51a57
109,0e02b358-426a-4b63-8dc2-1924b1c4c705
110,51e7afe4-7960-4166-ae49-521ba6f69cbe
111,bd2656c5-9e51-46b2-83a7-432b6e8881fc
112,b128d469-3333-4334-b300-0c48c602ef35
113,71992cff-af1e-49d5-93fb-15dca47e0e9b
114,4858fe2a-49d3-4215-b035-f101e95b63d4
115,5c5e42aa-9376-4db5-a504-92583a4bc0a8
116,e045a5e8-7c76-44ab-a399-c2d13baff75b
117,4ba5c1c0-08c1-415d-a83c-43b5692de995
118,922bb209-89f3-4609-a81f-f571bd26808a
119,fe0b5b20-9923-4286-a7b4-5b4e170c7069
120,4cb182de-5f8a-4d7c-9256-c55399e68069
121,834182df-64dd-49aa-b423-5b72d608684e
122,4f1d6c82-8287-4a87-80bd-c6e13f1bf0a9
123,14846403-a95b-4910-a525-ffa616e5e131
124,0e332cef-652f-40df-be8e-f9cfc4b664cd
125,5d51fd49-4b92-4300-a004-ae085666e803
126,f09f4718-b2cf-418f-be65-37fa46a3ddd7
127,76f36ba3-5fce-40f1-9004-636795a7ce76
128,84fb98fa-c383-46ce-9ebe-328fc95ec4f5
129,372e9be3-1842-45be-94c4-690d5e93dcaf
130,9947800b-f759-4adb-a750-842d7f80cc48
131,0efd0ecc-6e44-49b9-8201-1d8015586885
132,b9df89f2-5135-4192-98ac-0c1e474ea75f
133,8a5f4af3-76f8-4a42-933e-763fbaefcffc
134,ea721c5d-db98-448e-989b-b2d6854783b4
135,5df0e429-4ad1-406e-b949-2c2378736f15
136,9e773f53-39db-4001-9c17-c4d5a81614ec
137,277cf93c-956b-45ac-8a4e-2bcdaebbc419
138,e0f50adb-a2da-40c3-adbb-6ea25c05158f
139,2af48d63-e6dc-4502-b9f6-187dab86c9ba
140,b7586619-a652-43b6-8264-8ae528a7c9d2
141,5c69bf78-cfee-41b4-820c-55f85814f019
142,2d095893-d337-4a67-a09c-20ec82f35d27
143,3155f75b-9277-48f8-9c58-20167ff378d5
144,2687f549-ca52-4c58-803c-ba1997b8fcbb
145,a5a0b788-a4a7-450a-bef6-4edea945e4dc
146,0dee16dc-8e7f-4842-870a-286a049e56a9
147,1c112f28-d5c1-4eb6-9b87-561f894a8587
148,f54ac41f-6cae-4b82-945a-0939a3d4e7aa
149,f3909a75-3df7-4dfa-b81d-c5c4e73e377e
150,9d2de9e1-8e1f-4da4-b89c-f5f0d845af0b
151,c1481103-96cd-4353-8b9b-884743888677
152,a7089c1e-794d-4faa-8853-0ae1de6f59ab
153,46adf100-a960-447e-aea3-a8bf535231ad
154,50c834a8-56c1-4c47-ac1b-84700aaa9e31
155,cafecae0-cf2c-448d-9c79-4e295bfd8374
156,b41055c5-5574-4366-a294-69ab8b0af11a
157,e4bd158b-8941-4389-a7a4-910f12f3b670
158,f190a5f5-956d-4b60-9b4a-b1b9f1e7445c
159,b8ca5709-d0a0-4990-abf6-67d82bf75cd2
160,512f7224-d653-4b62-84c0-f75d424a74b0
161,ec5e33d3-1e26-43b0-9a7d-5fbfa0e2a8f5
162,f0e2b0b1-c839-40af-ba80-e9e07d25d8e0
163,5562f897-7969-4b54-915d-f6ef66488b3d
164,05473e59-fff6-43f4-b82e-097ebab94ba2
165,e318ee34-7855-40e4-80f8-3c686df3047e
166,69e6805e-1930-4ddb-82f6-43fa19713d22
167,f3fc1cc3-53f2-428d-bae5-16fbb4db8401
168,9171ed12-3e83-4042-b464-f4ad2f5ea8d2
169,6518e3d1-fcaf-44f7-8888-b18352290025
170,c8a81394-8525-462a-8846-93a91c2fd3bc
171,1c316136-8440-4ad6-8e78-6036ede8dd43
172,5b798ce1-7c04-40d9-a231-bf9d1178ca13
173,7f9e8d99-e760-4247-ba3a-ab45c12833ff
174,e6f1b1f9-3c7b-4fd3-a1d8-2caf212e4cf2
175,0b604126-f649-4556-ab81-94ee70e8d29d
176,ca6eff69-242c-4a0b-8885-859704685208
177,e8adb565-d020-42ad-aee3-3972d3255797
178,ed1ba7ab-167a-4530-a54f-d77a7e773faa
179,ec1ef132-3104-45bc-995e-fb55b2e9ea52
180,568eab79-ccc3-4c26-a6bb-f501617b63d8
181,bde2a0b3-d848-430b-aad9-6f85776ed418
182,871f59ab-2b5a-4793-9e6a-0d2106a51fd6
183,77f5ef79-9762-44ab-9677-dca56600d65d
184,6aa1dbf7-c0ac-4222-8067-e0d8594049ed
185,8ddf0123-d435-451c-aca0-0721bf0b4036
186,cfb4afd8-ca8b-479b-93e7-69046af252e0
187,790841e2-36fe-4e36-b33f-ed17b301d208
188,cb589284-473c-4a80-aea5-a321c1c566ed
189,dde4815f-4985-4e55-b9d8-3a89e57504a7
190,4c881595-a9c4-4680-b544-11b430f3d691
191,1c351a24-4a20-43d6-997c-44b98360756a
192,be46e2ad-e53d-4dfd-842e-25ab6272b66e
193,d3358e78-ceaa-4469-8974-3b540ed471d2
194,efb6fce4-c9d8-421c-a394-e5b617ab0cef
195,a4d480f0-40b8-4cf6-ac9b-0bf49c799a24
196,47e4c61a-227b-4f0a-8c45-8e7f7b470405
197,9944dc35-ab8e-4a83-b1ed-6128fc886244
198,82e07edd-b11d-429d-9ce5-86efcbeff7a4
199,29d5ae8a-5ec5-4d9c-9f6e-dd6e886d2388
200,0523a5c8-77e8-469b-a9f0-5e8510189db3
201,09a35dcc-5555-4ffd-bfb8-7ca1080dc189
202,f6224b8e-7747-496a-827a-febe9731db00
203,c7bd10fe-cbf9-4f67-af81-76de4c70fb39
204,0ca42e49-4618-466d-a75a-294cbd6502d1
205,846b3c56-5ec6-4f04-a035-2407c590db30
206,1e3827b5-1017-4e58-984f-ce8ba8fba85d
207,30084d7f-e47a-4f2e-8652-3342181ad741
208,43420b9a-ce53-42f0-a8f0-5a9e514a392f
209,73660b8d-eb7d-4eeb-bd2a-3c11f80c5988
210,2a874274-6c10-4085-b977-a4fd1a9272ae
211,1f86bda2-484e-49a7-803c-62c2ea61dd68
212,0acfafe1-8ae3-40ef-81e5-621e6da6f4d2
213,99c8d5cb-402d-4bf4-ad1d-52317c50ca3a
214,04723899-5f55-4a4a-8478-a9fa57d0fb22
215,a3fb53d2-c84c-45e7-84ec-dd7ab4f9834e
216,71686f34-bdac-47ef-a197-14544d57ce71
217,aabc95f3-e50b-4788-99c1-01ed28801ca2
218,ef721736-7f89-4373-9aa8-dbdc4dfa55dc
219,ee33c866-f382-466c-bc75-4f03f7ac3a66
220,ecade549-f8cd-49f5-a505-5e78b47c837e
221,970dad42-d6cd-4d18-b605-a0d2dab8e142
222,512b0a11-45a8-4fde-a1d3-904147d99b32
223,450f710a-4a27-47af-a696-8720d4409ae0
224,fb841103-65fd-488a-af38-36980db386fe
225,af97ce4e-82b0-4400-868c-738108faaced
226,96de6e89-bf60-473e-8ecb-445a0037de0f
227,1b9d6076-f702-4af3-ae47-1b7edd4e72b0
228,12d0971c-ae7a-40bc-a88a-57281bea4835
229,9ccdb9ae-bec0-486c-8dbf-af300788096d
230,039cfb8b-f0c0-496c-82e0-6bf889fe2bbd
231,60e72fba-2eb3-4fce-aabf-d74f8200fe75
232,2f81bb2e-0a33-4d72-8c48-12cebbeab68e
233,3e556cd1-302c-46b9-9ad3-99ae596d9179
234,d9694f15-b467-432e-88ab-76813ad279f7
235,a9ff8119-7639-43fe-a818-1bb00eed638f
236,903460a9-7dfc-499a-8341-d114b154ba46
237,76f97e1b-1919-485a-b837-ec4a87336eda
238,8cb3569f-8dc7-4167-a4aa-8db22fa48c3b
239,fae89b6a-8842-49a3-b234-9027b32adf8f
240,c08cdea5-fadb-41f0-8b15-75a389c9bc37
241,bed73d25-f3a5-4e0f-ac74-f4bb2c84b1ab
242,8ff063b1-cc4e-4b59-99c2-2acdab6928f4
243,1394c283-dc60-4f22-b661-f0321f4ea354
244,36088f06-5657-4b94-aa0a-be3157abfed1
245,922e5d41-4552-4c2f-8c13-ebb4cfecbd7a
246,edc20aa5-758c-4225-bdf7-fd899faeccd7
247,439b04f0-38ef-425f-98ca-40ca39e19599
248,40cead77-1e7d-4295-b7a3-ec2ef0b4a058
249,04ef2bfa-2483-455c-8f51-fa58ce10c0a6
250,83e3733e-b452-453c-bbce-56ad03a2644c
251,d2037124-b7b2-423e-95c3-0aa4ed81bd35
252,8e2bf1a8-b0b7-4afc-87db-a13474842a0f
253,21704264-cb96-4562-a4d5-21bf0f4b0a32
254,5c63b3fc-1f1f-4ba5-bef6-48f0036951d6
255,fddd2e6f-3c5f-4d71-bcfc-d35759f748ad
256,37b59bc3-d9e0-4587-9102-851389a050fb
257,865c71f2-f040-4ac3-a2d1-3993a4030656
258,42a3247b-b805-44b2-940c-2d0cb690997e
259,7a3583b1-71bb-4660-838d-c8dc74f7e2a3
260,0e4c27e9-4ed3-4832-8141-c85914aa61b0
261,a0410b40-9dd1-4fbc-92ea-a6e13bb40897
262,d3bd856d-6e19-4f9f-82c0-b669a3eb8379
263,b206d43c-f537-4762-bf15-464698ff3774
264,8f33e0df-e2c2-4c3f-ac31-d15bc99ffd4d
265,f5339900-605e-4a5c-9dfe-f1146a8913a0
266,783bb405-1542-4ae3-a90c-d559772cdc71
267,2d5cde81-f40c-4f54-879e-90719b1cb970
268,cd83a9f0-f306-4739-b8f8-9517ad33e337
269,b07287c9-e34d-4dea-bc6c-991aa27243eb
270,e5b01a65-51ee-4a19-9c64-fc11a2765a66
271,36a54bb1-d1f4-47ba-b0fb-03f11979160d
272,9b1494da-3a33-40bb-835b-e2f79328e876
273,27949d96-6208-444c-9657-708b09609d1f
274,f15fddbc-165e-4277-83dc-a608142a435b
275,8e04e141-1c98-4baf-9ce4-fe7749a38333
276,86ce598c-3fad-47f1-865b-8e35af295b7d
277,c0c753ae-e2c8-47c1-abb0-170f60c842ea
278,67d69f69-baad-4231-be9a-ad46ad86c091
279,fd597bc2-67e1-4e05-9b99-6bc8a4a83de5
280,864504b5-4dda-4b31-bd46-b40b5975f137
281,4edecb50-d649-44d2-94e5-b188b4e7ca0b
282,8b78a5ba-99eb-48e7-8a15-285a554f8490
283,6a3ab0f6-b984-48ed-a406-006658aeaa62
284,835b4e90-bd1d-4f62-b2fd-c68806c09281
285,5cc5f438-da03-4f5f-9953-8e56813659b5
286,305a3928-ad2d-4ad3-88bc-cf1ae18dea23
287,14402ea3-1ae6-49da-9c45-44da360b27e0
288,c0939f7d-9009-44d8-bfa1-131b030d70b5
289,bc3fcd8e-30f5-4aae-89e0-dd17bdf19d57
290,dbf398e0-8d80-450c-898e-1710b2f5adf3
291,adf89cc0-55ce-46b7-b24f-dfdd378e313d
292,71e6ad98-53bb-4eae-ab08-795610da18ef
293,ec490d3c-9384-448e-a011-1ac3d16ea58e
294,0b219326-fcf4-437f-8407-787abcd3c08b
295,d13a77de-fcc5-4aa2-a0d5-210405dc3123
296,9521b022-0eae-4304-afe4-3360d868231d
297,68005608-290d-4562-91e0-788e79db2a68
298,543cec8d-6fcf-4100-92bf-3f800d83fd15
299,695b11f2-8ef1-4276-a480-217738f079c8
300,13cfceed-1ebf-42bb-80b1-b9d491137415
301,296912e8-076e-448f-8e3e-95e68bd4cb82
302,1396c3ef-647b-47d7-aefc-7cfedfa87f4e
303,cd26a45b-1e4d-4cd8-9ed9-583c54579802
304,71b05b39-e577-4f13-b46e-6a0661ffb914
305,ab6257d3-5542-41ab-b4ed-6f42aa04c4ee
306,191cdb9f-412f-4ec3-8d16-400bc7b8c3ed
307,e3bba41f-0d00-4d17-a362-4977a0a70b7c
308,1baa8cc6-7dad-40a0-9647-d9cbae30b05b
309,e68104c2-d5d2-4a97-889b-4c0e7e57aaa7
310,fa80cb6d-8bcf-4a4b-881c-150c206ac31e
311,9ebdf517-d78c-4dbc-84e9-7090faa7bd65
312,aed132b7-4481-4f0c-a020-3e031972da4c
313,a402673f-724f-4477-a508-7dc5ea8b394f
314,cb143c51-700b-42f3-8838-fa6b3387ab84
315,fd361fe8-3373-4cca-83a6-feffbcb764f2
316,a7d2b22f-731e-4f40-b488-5019a2979d3b
317,3b67b222-7935-4e2a-9aa7-0ad1f193a473
318,f8a77356-db8b-4e33-ab0d-8972f91aa106
319,ac407a97-5b3d-4487-a65b-db8b3c118485
320,c8a477ad-81f9-42e4-b6b7-b2aae6be9fe2
321,0ff606e3-131e-44ce-a1a1-8c69515f37fa
322,62fc8e06-e71a-4a97-81c1-471cf495b2d4
323,10796556-9117-4034-9244-1f57f25c7460
324,a09da555-8967-4129-ab23-169437b604de
325,ebe7b32c-b274-415b-b1aa-66a14b0d026c
326,33f29f85-ebe2-4293-aff2-9e126d99c001
327,00b9db28-681c-4c0c-b182-5502f149d04f
328,e9834788-1e6e-44ba-8500-4aa387696df9
329,33945f17-9876-43fa-b301-9da42c6735f2
330,825fb43c-8fe1-428d-b724-5a5607a79421
331,164f9c6c-73b2-4a81-b0ba-288123e18b00
332,9deda12b-3893-41c0-8021-263710795842
333,bf5a1d53-34e8-4d43-8205-a4fa88616009
334,0b661d2c-62ae-4183-82f4-6351d7d13e45
335,d0c8a65a-2921-4259-ab29-cb1ecfd47d63
336,c88256da-4003-4aa2-ae3d-f0d2c7dd9079
337,825bc1dc-825e-4677-8626-62e65c51a0b3
338,e69682c0-3688-4a40-8e51-6688d16b08ab
339,690b3bd7-293f-404d-be1c-4e72dfb9d868
340,04dd2002-c859-4210-ad96-24d535b4f60e
341,9f77cd1d-3e95-4618-932b-98e05c72aef0
342,1874585e-bed5-40cb-93e5-8f45b20dec08
343,82d40f11-3c9d-4063-bc2c-d94d970b387b
344,30f0a439-befd-4102-8ef9-de03ead1adb2
345,339276d4-5f5f-4b02-b914-875fdec7063a
346,d6f1c783-9910-495e-bd4b-5fbcb59466d9
347,87f88410-a7bf-403f-ba2e-df0865aeb863
348,fd02c6c8-f1bc-44ca-bce5-aedcd97928b2
349,9e7b6446-31ad-438c-96fe-389bd96aa0ef
350,f2cf93be-96cb-4e9f-b11d-136e870e9e87
351,2910fd6e-d5f0-486b-99bc-c6d8a36233ff
352,12f81636-e7f9-434c-835d-57dc2a7f0113
353,712b50ba-172d-4f2f-af46-beeb2713da7e
354,1a49918a-80bc-4bc2-bc70-fce2c55d98b5
355,5359449b-ae70-422f-a2fc-9a23a74d0ea1
356,c9cec965-6012-4cec-86a1-beefd4a9993d
357,ffeaafac-166a-4980-abc1-c0d799c51c1a
358,d3ce31fa-33b8-40a4-bd4f-a0dbbba3c685
359,79000eef-62d6-4ba0-97b0-8c9b4a854c30
360,9bcd6cff-35b1-4be3-8d93-b94ac9c72e95
361,3c94fb8d-c821-4518-9c53-b5f961d6f338
362,c5885cc9-584e-42a0-b5f4-675ed82124af
363,6ad57edc-1e3c-4962-914a-dc7d0c226582
364,01ea9c72-6c36-4af5-b6c5-6f175f6ef2b0
365,bb9bb162-f5ac-420f-8409-304651d55351
366,3b1172d1-a67a-4c1f-a718-b8a0cd9fffa3
367,bfc4f151-4110-4762-aa2b-e03e4572f0b2
368,cb2bd27f-3ded-48a6-a1f2-96fa032b964f
369,9ad4fa7c-bc3e-4ada-bb3c-06fd0272d7c4
370,5ee9b591-95ac-4a1b-aa19-d3cd108f22f6
371,8fb55c98-b7f7-4770-9e24-9b896a5895b5
372,f9641a95-dc50-44d6-9501-198107c726e3
373,c7d34fa7-9338-4758-ae45-9b5c9b0359b6
374,283363fc-588a-40c8-acc0-e530d1bb4197
375,f1177c4a-a409-433d-91c9-049a929ce59e
376,6534d416-bdeb-40e9-991c-675f366a873d
377,42fa8382-a478-4e2a-9517-1c182a4d5599
378,2fe67a6b-d9bd-481d-b1f1-0211d0a9e534
379,d43f8f36-d1b6-4db5-821d-002df8d149cc
380,37680dab-a614-4077-b252-eb5cf31ffcc2
381,60d21955-7ff5-4591-b49d-b54a930eeb79
382,850aa8cd-ae7c-43fb-add0-7a064f9c34b9
383,deeb37af-f90f-4288-b2cb-8f3f46d132ce
384,1d4a040d-7ee4-4181-bb42-ba0ffb11dc5d
385,5e26e1a1-a5db-4743-8504-b7fcf29e305a
386,37d7c9eb-b29c-4c60-858d-a2bb7bbe226e
387,c80e22ff-39b2-4387-9a34-5145f7700cfe
388,394b9787-7303-4fb7-9300-f649979ee405
389,74e7b0dd-15c3-4787-b769-27f49105af47
390,8e0db2d0-9789-4eac-8dcf-c1da3428f155
391,cec34795-0ae8-4804-87a8-cae2500af33c
392,5454c342-d932-4867-93de-f2dd42c0a5f7
393,bbf52549-1fd9-4136-abea-2dc826f294b1
394,a63594c4-e2b1-495d-94d8-c695f419e9c1
395,787ef526-f00e-4a47-ba6a-1b971e976f1a
396,c642a40c-f88a-45dc-ac10-7bc9a5468726
397,c8ad4297-bc7f-4517-89d6-17db8b48ca6b
398,870109f5-60c7-4819-9ba8-f1d91e082264
399,38533862-9551-4024-a5c5-eb393b1e36c7
400,486961bd-fc0e-4cad-a889-562e349d12fd
401,938182bd-f62b-4bad-b4f1-30dffdcb8ffd
402,5ebda35d-0683-4e81-8c6f-154be9c0fd50
403,6aa8478a-b7ee-444f-9d09-ea4aa69baca8
404,4a4d368f-7242-4862-90db-a69a79722dba
405,a3759ba5-157a-4f2b-9e29-b9216fba8bdf
406,2de5d092-ff0e-4187-b39b-71a7aef9a6ef
407,3508b2d0-7418-4250-b744-45114432c458
408,4537b321-be61-4bce-8131-0c04fd90217a
409,89a09209-ee3c-4bb6-b5e1-6db2b3d7c27c
410,7c510149-ad22-45f4-9d69-fce757582de5
411,bcabbb43-6691-45b9-9704-a3f951c2fadc
412,705cc078-4267-4852-8b53-848b0d54b684
413,82f114bb-84ba-4d13-b8ef-e3a667825262
414,9a4c3e12-6616-4d66-9882-5bcb8db78ccd
415,33951e24-6c2b-4ea3-910f-8715c8ea18f4
416,e62f490d-c618-4d02-9949-47397d81c07b
417,0b831f14-ff62-4011-83ac-98f565e35509
418,1a4e4fbb-6359-4d07-a1dd-2fb25302f488
419,08a0f618-135a-4885-a376-1bb57cda865b
420,074fafd9-d20b-4ad3-a1d2-02255c9bf0e4
421,d380588c-8bf2-461a-b8bf-7320343a613f
422,1d607e7f-6ea7-4e25-9e29-26711d7a6b52
423,dd528cdb-f770-47ce-8956-fbfe53527c23
424,675363fa-51aa-48ea-b7ed-1aca76bbade6
425,1dfea70b-137c-40e2-8a7e-2036a42a045a
426,47066914-25b8-4d53-9f09-bf77720d080a
427,5cadddc2-036d-48e1-8ad7-bd8438a36975
428,a62111b4-9fd1-46de-b8f4-f7c7d85f66bc
429,a33b6cad-b2c0-4ce9-b4de-6762643d9dc1
430,f7050c76-d885-4699-9a15-456bb2ec503b
431,625d865c-49db-4f2a-8fa9-2b1fdbb53dd4
432,2f7e5410-11f5-49b0-99a8-74667373b153
433,994aa082-d90c-4e8d-b2ae-e8f6d2140407
434,ef4d04b8-f098-4b38-8584-a44f428894f3
435,78a4450b-ed2d-492b-9ba5-3f3444e5928d
436,ad4c78f6-816a-4215-aa78-0c4947e2b0b9
437,1c354e45-68eb-4393-8280-460f599a1f65
438,d0d0d695-9461-4626-bdab-6ebd4eb4303c
439,af7ad62b-3490-4f88-8420-6c0eb2dd4dcb
440,389b4946-8080-42f5-9ee2-bade06895cb3
441,974dc44b-9081-43d2-8a90-02451c18266b
442,37733f8b-edd1-4776-9334-c7f94b2008d3
443,4fc8b7a0-2bff-44b4-bb55-a9b993ab2f41
444,ff5ab185-7290-499c-b65a-a13434213f16
445,cef2d1cb-b7b6-4a14-b204-031fad35deca
446,3c06d1e0-c7e2-43e5-a71c-78e6d9c77584
447,791d790b-90e3-4dc2-9dbb-079747ad2bc5
448,eeaa6994-9b23-42fa-a2c4-9120ad7a73c9
449,cede72ed-1c69-4e86-8b60-9a2d340040cf
450,4fee96d0-ae24-4288-a1a2-93c4911dd4e2
451,7cd0a134-6eb6-4c8d-bd97-f6cc29691b8d
452,ab53e746-08fe-47d7-9e15-c123bfd69204
453,62e52506-232b-4960-8a6c-aff344f183dd
454,9ab21ee2-ad13-4851-b8c6-b03bdcd31619
455,306e9bc0-dea6-477c-98ca-31841c9086ee
456,bb027419-56e4-4830-ad83-d0ab9acffac8
457,1db40020-96cf-4e5a-8225-5fa5eddfe584
458,0480a0f1-eab3-4826-949c-3122e735cd21
459,d4f6a17e-6da3-4cfd-af27-68aa155ffa23
460,2712db32-1a19-44bf-8d5c-1e89e02f4c67
461,53834d86-04ee-47a0-a97f-29b218e5afb2
462,ab34a184-7eb9-48f5-a98d-6d7dc93f43d8
463,16b24a1a-8ff8-4210-9fd6-7df94f1833e6
464,109bd70a-59cb-453e-978f-89cfb2777927
465,ed5ed134-38d8-4bd7-a651-6d6875458f85
466,7d30a31c-8158-4cc8-b488-0f435d93b5bc
467,4b9bdc29-8473-4b0b-a65a-cd77d6fa019d
468,e45d1898-25f9-4535-8f34-4ec8d422093f
469,73d7b550-c4a0-456b-afb2-f01fc2a234a2
470,07bc5c05-5907-44d5-8af7-b3aae8beb10d
471,971f142a-ec3f-4816-a066-76c97fb50b76
472,66252453-af36-4945-9e1a-3b231121d66b
473,b04025df-6787-4227-bdec-098774ef616e
474,d58ec53a-c3a5-4c42-9ba2-226324f35f41
475,7d49a233-4a2b-4ef0-ab71-bf6ece2a3b44
476,7170f08f-c35d-408a-945a-bc2e0d994c3f
477,42dc0113-b58c-4b30-9274-a1ac548b1860
478,40aadabb-66d5-4a38-b41e-edb4da61e49b
479,fc7b7efb-8c44-463a-baec-79fda3b4e53c
480,2b12ed64-b7c0-438b-874b-6425f55ce7e7
481,0cde0ab1-7d1d-4e3e-bb28-5bf9f8ecc6e5
482,af3be8c1-0b4c-4546-ad42-042a272c322d
483,3d585e42-dc4b-42ea-8c78-208eb6ce2be0
484,424d4000-6bb8-4c4b-bf79-178f02837650
485,520fd97e-fe4c-45ed-bae6-98ab0d653e4e
486,4034718c-b4a1-4118-8500-38a51136c6ec
487,781e4e8a-5210-4725-b1a8-43da43cace30
488,66660946-8b93-4818-b796-15d99480dd1d
489,5d0635c3-ff65-4a1b-b8c6-10058d056305
490,3e45c8bc-bb64-40b4-bc50-73f8d42785c5
491,c412f9ad-b552-4b42-b509-a4d07e88f2f2
492,68af2968-6f0e-4549-b11e-a31edf4df00b
493,1b1e6514-8860-4efb-94d8-e94f14cacab2
494,8dffd4eb-3a53-4e58-b346-1a8486497f55
495,eeb642f5-7b5a-4260-bcaf-eb6b315ec0c7
496,ffc051cf-5daa-43bd-9b62-df7e66ab7268
497,d4f48aef-f37c-4347-b281-9797cb4f1b2a
498,1e5251fb-bf96-4226-97ee-c3776b98d729
499,10c9f53c-a948-49ca-97c1-db5cc014a786
500,9bb3187a-226f-4538-968c-e27beaba2ff5
501,7e233a55-8359-439f-b6c3-bd387c634db5
502,ef981a39-11fe-43a5-8a66-051bd67aee93
503,5ec9409c-8c38-43ad-9c6c-504f26d04751
504,ad059424-8d9a-4c20-883d-e786d76f66f8
505,4b787b3f-f2f0-45d1-9c68-b5ed8819054b
506,6f68399e-1077-4b6c-9b88-22f5350f692d
507,0a826a68-d0b4-451c-92ba-49af6e1ce935
508,3d1bbdeb-a053-4cb5-a1c0-132dee38f486
509,398fcb5e-0cb7-4068-8823-eb321eb6bcb6
510,e25f240d-9b36-4183-8161-5bf3c31e519f
511,2b2f1b95-6efa-49eb-b64c-6c05b8262904
512,31753fb2-52e9-4c33-99c7-998386352772
513,16c6e37a-a5e3-4b84-9cf1-09805a0a8ca2
514,16aedcdb-d614-406d-9687-56bd37e8130e
515,a57d3061-fb79-4275-9af1-bf9b9f38a1a5
516,7864e72b-1d6b-4d91-9cad-2c65a82cecf7
517,49312dc1-229b-4704-bd15-d28ea5e40131
518,c97ac283-b505-4560-9894-1ee799b97e9b
519,3ed1949f-f604-4cd0-868c-9324c48e7edd
520,4c4ad734-9a58-4883-b516-47da705d08fc
521,cd1371d5-41de-4ae5-af37-47cb9dd71b6c
522,22170604-b798-4059-b7ee-a8d25ae5f98c
523,523377bc-9c25-438a-96af-d1897621ca84
524,a019c94b-ac95-4624-b766-8e106c67e01b
525,bd62f945-4842-487b-9e5d-f08cf8d5c9e3
526,a80f5262-77dc-4c31-852e-de32fadc7635
527,359ddd19-6719-49e0-b3d3-a3713c295d6d
528,6ee781c7-b11a-4d00-9ef3-5a25d168acd9
529,a12a5b8c-a726-412b-ad2b-df3a0a923d30
530,4930b6a3-85a1-4816-a89b-4b1ef7569744
531,da819c3a-2a09-4d79-bb98-e118c0a985f3
532,2187c93b-57c1-4bad-9d14-f68b34f199b1
533,d4184e90-6bb6-483a-9ed8-79b6bc817ab5
534,41185d9a-97cd-43ef-a5bf-2dcc36d90e2b
535,30c1d034-9a99-4fcf-a4d5-cf94cc5682d6
536,63a58830-f6d4-4f51-8b37-55d406d0ec1d
537,f37cee67-c1a0-4e43-bc3e-31b3346353e7
538,150b6cfd-5048-4e4a-a8bb-35c5a7be588c
539,b12f0587-84a2-461b-a582-e225597742d2
540,2c3e321f-45e5-4d9a-971f-4b496954c7e7
541,e1cbb9d7-2df0-4e59-a6b3-b1fa76c424e7
542,00a66b5e-fbc1-4994-afb8-bc4e5b31b71f
543,fcb4f5d2-db75-4d10-acf6-61dee42e9342
544,fde253c1-cbce-413f-97e6-0995827c113e
545,852d9933-f306-479a-b2d2-4e196a327e47
546,827885b8-8dc4-4d85-ab14-2baecaad2bb8
547,e37b763a-0fe4-4c97-a6ab-2e61cdca0315
548,79bb899d-b52b-4d6a-b50b-b84e2f728251
549,82584003-c8ef-4d3a-b2d6-7b9ad64c1e55
550,c7b21ecb-cde4-42f0-a84c-d5cafe2a54aa
551,1f5d1677-9296-4ab4-a330-e7004a7d047c
552,e3d5d343-4237-4a68-8d27-e7196a7afaf6
553,8fabce9c-ed71-4819-a403-7a97146caf75
554,ea3c5969-e51c-4260-bb5f-f629b467d86b
555,1c6e680e-d454-4f37-807f-f94d4d7d7daf
556,ffe17ada-6516-429c-ada0-a684b1edd530
557,3463e9fa-6281-4cf9-ab5b-8e6df8c22ab6
558,87d1db2b-1f57-44f7-ad51-339df3fd2b26
559,7898d54f-35f7-4a64-b4f0-2c69cce1cd0f
560,0aca759d-2ee0-42fe-a956-099a0cc5b14a
561,c479243d-6852-4fa2-8058-911dd4f6d49e
562,7a409f80-9fa8-4498-99fd-78bd4c523ce8
563,950bab91-d982-4240-84ad-2e9a251c9d20
564,67e01a4e-0100-4ab9-9f09-43d205dae71f
565,fe33df60-e98b-4560-b8a5-071e4a7ae04c
566,1bfd1407-946f-43b5-94e2-11a787e33ae0
567,b4ee20da-ebbc-4073-8278-4fe62f7e6102
568,df784545-fdfe-4320-b2b6-c30925b15256
569,d884c7ac-4a8c-4cbc-8337-0df57ffa1d27
570,bfa47f88-d4b5-4d42-b48b-f3f45c58fb59
571,3136ca01-d150-4c92-b4ac-1f0e73e61a10
572,3a8233e1-3c7c-4332-937f-c6dcd1827af0
573,cc7d8329-ca9a-4d21-a6dc-495de65d3241
574,337bb4bc-1406-4371-af96-ccdd8d58d268
575,1741562b-c32d-4f44-addf-189c00881759
576,107d1065-870b-4173-aace-7816e4f5a895
577,192f96fe-98f8-4177-be51-c2f483577003
578,2a717b6f-b0eb-48e3-9cf6-59075148685e
579,426b17be-dfde-4783-be26-2207e4b2ab7a
580,609acab7-ff40-43fb-b28a-8698f189f7bf
581,b6fe74ee-6905-4b0d-9d05-fa0cda6a7b40
582,593743e7-e4e3-4d17-8ad2-f794e8f023fb
583,251cd758-a649-460d-8a42-01664a9e473e
584,c909a1bf-5920-4d2b-9920-b20634ee6655
585,9fa0fdbc-7536-43c0-8ccf-4144aa58d7b0
586,564f7190-7ca8-4d10-ab2f-b9f1ad20e302
587,f81a7f15-5bc7-47a1-98bc-a5d90c1c4427
588,d4e54e3e-53b6-4cc4-8cf4-c071790c0e79
589,dd377a61-16c2-4e09-a1cd-09193cf2f455
590,75f19d08-6ef4-40f3-a70f-dcd04a2e3775
591,212c4357-0b88-490b-9af1-e82990b40268
592,f5d96d2b-21b0-4802-bc17-b1579eec90b7
593,4ffdb538-3afc-46bf-bf08-c7e2c7515f5b
594,1e166605-6dad-4deb-980a-af8c786ee345
595,e1d6574c-8d86-4eee-9cab-bce5ea0b7f95
596,9ed6a327-385e-464f-bf66-0a2f1eaedcfc
597,465620ac-0800-4dfb-ac38-590ec729b055
598,6a0435e7-580a-4027-85c5-859967c6ade6
599,2a7dcde9-2eee-4124-91a4-5f4f72b230f0
600,138b7689-7716-4666-9e6e-f9a98b2b733b
601,fcf32688-204c-4aa6-be2d-757bf59a4eda
602,36550bd4-3f6e-4212-afa2-0e0f051047a3
603,b8b91c03-295b-4ac6-bfca-c617b11998ec
604,9ac70514-f5ea-4b99-aaf8-c513d5cc2055
605,33808b41-3b65-40b5-88d6-1fda1152d91b
606,349e9c4d-9729-4134-b295-36ead822fb41
607,68d69437-a52c-4634-a128-bcb389464a4f
608,40e0944f-a674-4a1b-be2f-7ed6da9ef2c8
609,77e2f766-736a-447d-9182-c57d8de22ebb
610,d2d84c3b-f955-4ad9-8d86-17e13ab2bb49
611,a481e01c-7bd0-47c1-bf74-ec6cf24b0134
612,15b2158a-557f-4fe4-a7bf-e2b5a2a7ebe3
613,a198ba23-830b-4a7a-b1fa-eb8e894662e2
614,7a3a3840-1855-4ef9-b637-36e0c8414544
615,3f2acbe0-8aee-4095-bdb0-cfede000dfbb
616,8a6eb1c4-8560-4cd2-89b0-5372648913a3
617,c3122abf-412b-4e4f-a3b9-20f59dddf8fb
618,688f1a6d-d4b1-4ce2-bff0-703dc5c856ba
619,f66be5cd-0e32-4e5d-8825-f4d65a1bf14e
620,49b8a0fd-20e2-4150-8005-3a32ea0c4f90
621,cff76f6b-953a-45bf-8c1f-6ad1f0c59736
622,1d088acb-1e42-44d4-afbe-c2c39cc76d59
623,146e0aed-17c0-4b89-9670-4dae65eefa21
624,ed8a89c4-b534-41de-9c70-f4303014aab5
625,02d98dc5-aaf1-4526-80a7-341b46e3a662
626,c5fdc352-87ba-4ca0-ac38-9fdd0d26d93a
627,9a900f8b-e235-420f-b953-785122c55810
628,3bd77d98-7402-4138-9d22-08c3de71a5e1
629,4034c077-b44c-4fa6-807f-87dff95b7006
630,0bb95c9c-f1cc-4ca3-ad2e-22a725148864
631,11b6d94a-b6e7-4b55-8168-aa00fe093fce
632,095aaf53-80be-4a5a-b4cd-9dbd97810147
633,6a356d77-34bd-427a-ac33-d69f15013c64
634,7c213bb5-5640-4467-abff-08f7518831b3
635,53c81012-a591-4388-9bf4-fff1595e8acd
636,6cfe0870-4caf-4d6e-ae22-6f89bf418e93
637,15b6cc37-e601-4dbc-bc69-d66b27a5ad10
638,7eaa9d6a-9ade-4e42-863b-78e7b7832a6a
639,357145a1-4b5c-4ad7-a1b0-9527278ce699
640,4ecd5dae-65ed-4b8b-a0b2-86c6a70c1be3
641,6facc44b-761f-45f4-9b05-58af2b63f80d
642,6a8e9cba-e171-43c4-9936-68182f234d22
643,0b1dbbe7-0a36-4f3f-8ba1-b4d41c0ba97e
644,f0ae7585-39bb-4eb4-8406-f57528776b72
645,28fdb1d8-696e-4f09-ba86-2f95ad0e1e64
646,5f0da1f9-1a23-458a-a073-7470b3607c28
647,a0a93da4-3218-48c1-aceb-8e5dc4ca448a
648,1d4fd478-9742-4aef-81bb-90ff0a74ac0a
649,d767d628-8991-4856-9447-a9914acdf396
650,686f425e-bcc9-42d6-bf09-d29476568ad7
651,e7ca9294-ae5d-4877-bd3f-f52ac912619d
652,0f2246e0-c077-44fc-ad9d-6f02107a88ea
653,b1be8428-6cff-4b44-be52-7f016133ee80
654,c4f29951-2758-4618-b198-839c08bd9ff7
655,081aca77-1dbe-4e1c-9b16-14d90f3652d2
656,06e96ed7-9a99-43eb-9254-08cd42cd060b
657,0ee17bc3-a1c4-40b4-9314-ff1da27e091c
658,b863de87-ff58-486f-ae8f-496f5243ba8e
659,c23f7b87-48e3-4741-8bf2-7ea6d627efb4
660,c0a27cf8-5acf-4942-87b7-5b411fae0ad8
661,0c1d66e3-2f37-40c0-9923-3f10750d9652
662,f6677473-b889-4ca8-b547-6fea2e59300d
663,2346c197-b51d-4d37-ae77-79a27e03b0d0
664,efe9f2c3-4172-4fdc-8db7-493ceddb49f8
665,b27bc2c6-6b21-42ee-99bf-bbb1c9a8ba65
666,d4c55730-a150-4d98-84dc-07810873ccf5
667,59feebfe-3739-4dcb-b9c6-040914f6812a
668,b61ddfa9-4aee-47bd-b9b8-7268c2e37e25
669,f5852b59-9de5-42f6-9fc4-139ea72a2c98
670,8ded48c0-bcac-461f-af83-e818d2133225
671,f6f14e75-57a2-496d-9b0e-8f6e6ae07804
672,85211457-9bcc-4572-9e87-f661d004c0e3
673,4d1a0d9c-4ccd-4d59-843a-6b68f7b0889f
674,0d358416-15a0-40c9-8242-e7a57906f486
675,8c233526-b4c0-4ef2-8990-79cf82cbbd87
676,689af872-6fd9-4c09-a304-579ff181e7fe
677,9032348a-33a3-4cdc-9616-b722388fceba
678,5a82a953-2fc7-4230-9197-a81ce10dc3b9
679,a22e560f-9def-4b87-a499-c1777aac830c
680,c0c6f20a-5762-4c4c-8a44-723ac8839083
681,9aa5c22e-1cd7-47a0-92fc-2de8e26384de
682,b6210db3-5de1-4533-b006-aabae1a6a9a1
683,db6ea0d5-a2ee-4620-8729-094658eb488d
684,a9744285-cbd4-4f76-880e-2cf837ba5f31
685,5eb1478f-503a-485f-a645-c8e68733981f
686,c733c2e8-473f-42a4-b915-fbed5b252518
687,323363da-e540-45c1-8099-b4d5af9139f3
688,6d0db338-6673-4ea6-a982-a070f6818a48
689,8855987b-64af-409d-95cd-45d51db2c4de
690,16ba7698-fd43-4fe3-bacc-680e1047b786
691,37bf0f9b-74bc-4b10-9c48-27361642a293
692,c6ab015a-7c3c-4d17-ab8f-0b50d08b659c
693,8abb5316-1330-46c0-9b6c-c363785deae2
694,827f0fa2-3e85-433f-b59b-a908279a75db
695,b421935a-f939-43eb-a86d-ba6ed77338d3
696,f0953594-3cd6-46ed-8517-3fabdd250a5d
697,1ca5cebf-af27-4c86-ac7f-6fac84051409
698,8e8d6f54-64d2-42b2-ae45-a2975c619512
699,70edb583-3832-4c32-892e-77ebb03a7fb0
700,99fe1b6a-1975-45f3-954a-a627ec4c107c
701,dda76a81-fe1f-4416-8554-ee34fd0fc096
702,f169da33-855a-433e-8ca6-cc9b746dac87
703,252526ba-1416-4958-a02e-ba39d63bf6eb
704,2156cb59-5f61-413f-805c-4e870214bd15
705,df96dc08-f10d-493f-bf09-a8c5643c006d
706,518edc8f-7f0d-48ce-a49d-b4b5e01b9b89
707,10f54278-11b9-4c2a-8473-dbf2b2d355c8
708,073da238-421a-43ed-8c48-31afd072f4a7
709,f5fe8dda-bbbd-4af5-a9b2-1c2329ff59a2
710,044c9ce8-2459-4f77-9b0b-f56508a66669
711,0ae7c577-ca62-41b5-9288-1f7d24530649
712,71399dbc-f0a3-4269-bc03-b2b0c80d6ed2
713,e6a7fadf-be54-4ff2-93a4-703ccc03eb3a
714,a47b60dd-510e-4718-972a-4d5dbce0d856
715,fdf2b715-988a-4d07-9f43-828d863b6a7a
716,16119d2d-28a1-40f3-9c6c-aa153a24c123
717,4248f442-2c36-488f-b203-a6ad1ad7056a
718,9779f233-28a4-44f1-b796-49a418273cc5
719,11c1ccbe-83aa-4358-b9d3-bffd40fcb4a5
720,b587e703-79d3-4975-96b7-63f3957f3720
721,228b3983-1354-4dc0-8049-263e6cbc44cb
722,83ccf9c3-84e1-4ecf-9995-53b60e34da42
723,ac859a52-0f4b-4d2c-b74b-8c32a5d09e2c
724,d89fc21a-37fb-49a3-98b8-dd956d5baee7
725,6fdfcedd-c6e3-4a41-8dea-4804b531b7cb
726,59a3d4cf-6cc9-47f2-9fef-aa4fc68f807c
727,33aad8ea-3d2e-4073-acaf-4cf21425a1f6
728,e9f88d2d-8639-4ba4-af5f-18266cc8807d
729,ccdbfc68-afb3-4070-9c9c-18b7e9eba3cd
730,e6a658e1-6b81-42f3-ad0d-d2dbebe06426
731,282502bf-2e4f-4c9e-b662-02ee8baa7271
732,b8a72886-d842-4906-91b4-757d1037c80e
733,f6a2ebf3-017c-45cf-9233-ddeca01de769
734,7c515c30-2bee-407b-bc52-fc48b91f97f9
735,128a3c2c-198b-4707-b4cd-d09a5ab6b6bc
736,7abb2723-4006-4367-bcc2-f8395d32649a
737,a35658f0-4172-42a8-b781-069e8d0f0f35
738,5a920aca-a391-478c-af07-15d3e5b7b635
739,1d9f3e1d-59af-439f-a230-9b28d83d4aa9
740,d72b91c9-56e4-4c89-9bec-a3d3389c6c97
741,ea6b02a8-fdc8-414b-8b08-1c6e6a5ca507
742,067fa124-1dd3-4165-a554-f582abd8671e
743,d362d25e-0cbe-49e3-bb7b-3b80e7d568d3
744,a0374c12-f210-4798-bbd9-460b998a288a
745,7bc0b4f2-3e15-4b8f-a59a-848891147494
746,1244e1f0-bf73-424b-8d1e-2854a20082cc
747,28823b64-9cbb-4cca-a209-7744f9fa8751
748,79894bae-34fb-4d89-9cd3-eb0ffbffd781
749,5be31bf1-c636-4d0d-a7f4-ee338ff3655c
750,3d176e5f-a9b6-4935-89d2-784bcb293f66
751,8b2da1ae-f9ee-4f7b-b7e8-dce5db0f5080
752,ed830f49-8307-47d6-b20d-2b076dbc860a
753,d582f713-6a7e-4e8d-81dc-e588167d681c
754,5dcff4aa-a2bb-43fa-8f08-e8c5ee4d9163
755,afc687dc-77af-45a3-91ad-2b9988fed941
756,db3ff83c-cb64-4b42-86f6-42ff277416aa
757,31999896-e217-4d70-9c62-a3b6b831fcf0
758,356f25c0-b7e2-4023-8888-e1d1c26cd18b
759,049349f0-69a4-477c-a01e-39620aaf3beb
760,7e435de0-fddf-4799-a49c-4299ee34fd82
761,f60626ff-440c-4019-8bda-6d674e29bf1f
762,d7d62028-2c51-44df-86ca-e6202f86a467
763,f1f55ab8-939b-4043-851a-771885d22dde
764,57b1588b-2bc8-4d76-813c-bd3b1225aceb
765,154fe19f-16bb-4cb0-982b-d055dc59a479
766,d256854a-43e0-48e5-86a6-7413e7f6994c
767,1206ae77-e25a-4a15-a2d3-d822aa158234
768,cc151125-3448-4e2d-b5c6-00cee2a07c37
769,23e519c4-3c76-4196-8296-630077d2c5e3
770,b7f5580b-0be0-4e37-89e0-5361770762f3
771,5a72701e-1d6d-4ed1-9372-558b48a4a45e
772,6c0c9302-1bdc-4c3f-bd76-a2812bacccac
773,355f1605-f3f2-407a-af58-825f0b54d144
774,b247266a-318b-4562-889b-ced4ccb5ffba
775,30934915-e517-4d99-82e4-062782b092dd
776,331366e8-7c2b-4bbf-b87e-f933aa567f8f
777,929dc736-1e5a-4686-99f4-3589cd90154f
778,e112ec8b-2d58-4e2c-aca8-df773fd1671c
779,a928858b-3819-4a3d-b689-662c7dde3d5c
780,37697c20-8b42-4b7b-a444-af26e7740cee
781,71383789-0853-4d7b-a80b-146edd0e8017
782,acb51ea9-6389-4ff8-a882-53319eda07b4
783,caec7ba1-6893-4bbf-bedc-deb2b7bba0fe
784,564890b1-5886-4162-a4dc-707ee2f24d70
785,f3703c97-1145-4c59-9f00-0757017c99d3
786,2a1c3449-1311-418f-8e1f-5fe8313bf38a
787,02f8afea-44c3-421f-be6f-92314823ef68
788,4c77cae8-b5c6-45b3-917f-b1b6a85f41b2
789,81fcde54-4651-4b86-8568-3a60864f6649
790,d0f4514f-c777-4c26-9576-b984ffcef68d
791,39edd3f5-c470-4789-94e2-7ad1cd3bedd2
792,19d6656f-d523-44b4-a3d8-e00ad3a4510b
793,ed1b7f43-6874-45b7-9f1c-eb08d7959ea2
794,63f55aad-1477-4dc1-a3ef-0a67b21dd6ff
795,21c6567f-443c-4674-91b9-02faf1b6fa31
796,2c13c64e-cd22-4a27-a364-f941ba00dc65
797,191f60a4-7531-4027-81ab-c8e328da5474
798,f0ee789b-c507-4f20-b62c-f8a775a8faff
799,c799b6da-3c79-42eb-8fdb-89e10e82ff6c
800,d2a7e8d6-44c7-4c65-af08-3d937ca787c6
801,9157677f-5f6d-41bf-bfc5-d1daff040958
802,954665a0-1539-4b5d-9573-7ba3ec7fbbea
803,2df4f2a8-f9ac-4040-91d8-ac8f405dd70c
804,d2629132-c6ab-4635-bda3-17cc2e4b0811
805,3629af13-cac7-4a66-8bff-6868bc1d23d3
806,5ae4aef4-80ee-4d9d-bc0a-0b83cfd7c636
807,95011239-193b-4521-a955-563a13635547
808,5a6dd98c-725c-4d6d-89ca-849049d34806
809,aa3d6c4a-2168-40c1-85bd-d57e4e4feb31
810,5829dc08-6a58-4037-bb97-770e3db5fef7
811,71635dea-ba8c-49fd-ab9f-23b1c22a4502
812,08acac7f-4c87-455f-a3a9-454b92d01f56
813,bbe22445-6b54-4a6a-8bdd-1b0f21655b27
814,ebce0fc1-bf7d-481d-83dc-8f939eca6162
815,424f8592-3432-448f-b16d-9e023561dadd
816,065bf276-fdec-428e-aabf-c06d809c89ff
817,bcca3dab-8d2b-4169-8bd3-b3e962f67277
818,d2110c1e-1b1c-47ee-a576-123b9e10b04a
819,c9379874-c4f2-4584-bfd3-288b74bf6e37
820,6f924c4f-9e6e-4d3f-b3f3-9eb0516cf27b
821,cb7a6398-916b-4d53-b57b-9b24a3820e18
822,cd84f3dd-fc27-4521-8ed7-ebd167283fa7
823,7a62e7fd-70d9-4c12-90af-d2685a1f4f09
824,e32b3e94-1a57-463f-a3d6-36f5537dcaba
825,63a3faa8-a645-4641-b150-a0099d20e5b5
826,5edc9b0d-bb4b-402a-b61b-86e285868d85
827,b245e396-2c58-4216-8d32-538bd4722f1a
828,492f5480-ff4f-4ebf-abf8-d7f9f21ed46b
829,f2d380bb-fee1-43b8-815f-1119ca3dd5f1
830,4ecbf3c3-c35f-4fd6-a278-f797eef1785a
831,e3ea7f98-503a-420f-b6f2-249c0d3dfc79
832,527bcccb-97ab-4c5f-996a-4f824e14f76e
833,5fbb2d9e-3ffa-4c9d-8c31-39309b5731f8
834,4643e204-d8db-4cf5-8f23-fb6804500a00
835,49afde7b-1c87-406c-a126-1491167ce590
836,30c8c696-a56e-4fca-b597-2bb4f58f324c
837,77cb95f7-ed4d-4213-9105-3dd3534fe0ad
838,d011dec3-c5ed-4782-bd99-30c690cff1d9
839,e5b43414-1926-4934-aaf8-61faa50b3d7b
840,5e39afef-a459-4f25-bc4a-624d6ce31243
841,b70068a3-c506-450c-a51b-c49554281ef0
842,26214618-be4f-438f-8905-c1cebf7574bc
843,17d6531f-cd13-44b3-86da-3c5539b0e2d8
844,2b6e38a7-19b3-40c1-a452-94c49bd49a85
845,26c3c464-6fe3-40ab-bc32-fa02545945b3
846,7a028440-c7e1-4529-b3e7-a224c9f0045c
847,3c246582-8370-4a9e-86a0-33273823f833
848,e918bd1a-461d-41f3-ba7a-7b19816b45f2
849,05984d60-e7a7-4e07-b21c-6a275ddc13c3
850,820176ba-ee6d-42ab-9ca6-8bba4e7b7481
851,f76c53b2-3449-4974-a663-7d1d7fa57eed
852,d1be9244-bb4d-464b-ab44-e011dce5ea77
853,5983bc6e-ae6f-4608-b5e4-a83b610b6d49
854,bbc177b6-4866-47dc-8893-0e030ce34ed2
855,e4602753-3ceb-4db1-a997-4c8dc4f263a0
856,45fd378a-eb7e-4059-b54a-dc52c1765c6a
857,b9c3a485-e7e8-432d-a1be-1390e25e7edd
858,7e2f972f-3a85-4657-9e1e-53643547257f
859,604306cf-dca2-4a8c-9d26-97c56e40096f
860,3100c3c2-aa4f-418b-9f32-4b09e10122d8
861,fe57483c-4ddb-4909-8d7b-dd895596604d
862,8c4f34aa-8efc-4204-8d5e-24b757ea54fb
863,e96b1c3b-9f18-42f7-bcaa-beade42f3157
864,3e6a7f23-e06e-44b2-b352-e439f5115365
865,b2650589-f717-4207-810c-6ba90e8e7d09
866,ed09895b-4aeb-41b8-bb8e-9e32184b2575
867,811b5eeb-d96d-4094-83ab-7a931dd16c7d
868,77231b32-f02b-466e-84b5-74528e5fb987
869,b0d6ae27-a813-4846-858c-b2a25ff5057b
870,1db457b3-e211-4caa-ad85-ec97eae101a9
871,d7496efb-c276-4e82-984f-015690a01ccb
872,ea79e2cf-57ad-41d4-9c20-8e131d36db40
873,a66b81b0-783f-491a-b21b-70c751208f64
874,5474038f-c1cd-436a-a083-d17bde61dd95
875,ffa24d8e-052b-4f90-b346-f2c536469eb9
876,e8201330-d617-43d9-ab78-e7dd6695ff1b
877,dc5d191c-dd92-43e3-a7a1-0145346fe8f9
878,8f0ff6f1-d4fa-427c-81d7-e175b39ceab6
879,1da2a209-a20a-4d37-9501-a4ad4da58c2b
880,3b35c156-a331-4873-93a7-c73079319649
881,768cfb7d-94fc-4c1b-8029-45071610c49e
882,d7bfffcc-42c5-4b79-aa99-32ff36f64ae7
883,fab0510a-faa7-404b-b507-8e652c750125
884,3632bc41-85b0-4254-ae08-23d0f67638b5
885,18f9d2c4-1c38-45c4-87ca-eec0971942d2
886,e2f6ced0-ccf5-426b-9249-309bacc948aa
887,0d62dc95-f302-489e-ada6-65f1527848aa
888,50ad66aa-7894-4d7e-9f71-848c2a703a5b
889,f88585a2-b983-4223-b658-778e305aca68
890,34c539d4-0c2a-4079-9bcb-5abecfc0077a
891,deab86e1-caf4-48b5-a858-bb721f79a741
892,ce8fcc65-e522-41b5-aaa5-e9b285374faa
893,93856445-e967-4385-ad39-3ba099fbe298
894,6a656968-330a-4940-8a07-68f6d51b9f1d
895,564a9353-1c7a-4d4b-b79f-39fe4eb1c6ee
896,735bb53a-8931-453f-82d8-8d9342ed2ef6
897,38a9b080-d42a-4adb-a16c-d5267c7de7bb
898,121822d1-2fb0-4eb5-b421-f710ac2174ee
899,10cfb6f6-334c-41d4-822b-285ed0a56da5
900,dd8471b5-807e-4bc4-abdf-f34b2fcda72c
901,11b327bb-2359-4056-a68c-8c8a27622235
902,5fd4156b-08cb-40ba-82b7-e693e2f42efc
903,e33c1178-7019-4a8b-bf3e-086ac49adea7
904,4521b26a-3a76-404a-bfcb-e90bc42def5c
905,65e26b3e-f246-4f8e-a9e0-4f44cfb0df72
906,0e8313fe-172c-434e-8634-8e8bade217b9
907,fd437d08-8ed1-4a7a-a512-21d3fb2c6219
908,5830224f-e2b5-477a-804a-1b43a2530cc7
909,2cfa17b5-abba-4b47-87f1-d9edb62435a5
910,a557a97d-d6f8-4256-866c-2179826e2e04
911,8dfa45f0-379c-4301-a71e-d75d3500f165
912,1ea947ef-36f5-4e25-857f-17a64fa1b525
913,ceaad4ca-c9e1-4592-be5d-a72a385b2d72
914,2e4e9964-fcd8-4983-bcd5-9dba7d702441
915,7461b68c-f0b2-48ec-bb1b-07f0963b23e9
916,fed99d43-4029-4b21-a853-f5ad5dd176c7
917,e2995372-e9be-4bbc-adca-f5c8f54f4991
918,e64ccdc3-d36e-4b55-8288-a38ca49c9053
919,54b3ba32-9011-44a3-986a-a81ce793f1ac
920,f60671c4-50a1-4faa-8091-8390688a6cfe
921,f4a26d57-76a4-4be9-99a0-dc94c68ece4a
922,9ec7f6cc-1dee-487f-be07-900427449785
923,58a24cb5-3142-4d14-9987-3596c079d5d0
924,d628ad77-0269-4b31-97fb-5748e84e8d36
925,7c4f6e5d-50f4-4815-b93d-bab6a8520132
926,61311f7b-9ce8-4e3b-88a4-29d5cb892bf1
927,28854130-13a3-45d3-9e2b-a675ce84ac8c
928,2a374bfb-2350-448b-874a-2e56622a57ab
929,c09c9ae2-4ed8-4f34-8f22-4ba56da00c45
930,55d2ccf1-6d7a-4b02-acd3-b08c266d03bb
931,1332ed4e-9136-4ce1-ac5d-485cc5ce3e44
932,22b3b9cb-2705-4329-84bd-3b9c41569559
933,082e0c46-201c-491c-8e48-37e3d8bbcae7
934,356fbe6f-448d-44dc-94e4-eb4a27dbc962
935,db3b0c6c-6cad-458c-b903-5baeb5f953f1
936,b5284aef-2b63-45c2-ad99-f8413b80b692
937,16119264-1b46-4012-b6b3-c5281ed1ef55
938,6b56e52a-ed19-47b7-87ae-1c60d7685758
939,b6ef13dc-fd62-4517-aaa7-c0b252a8d20c
940,04ff9786-a936-45d8-9e9a-dcd36d9f2ad8
941,2ff1ce95-da77-4470-af3f-eca7e29c28f8
942,23ca1906-6fee-483f-8277-bd1f2067abc6
943,4e611242-6433-4326-aea3-857a58ddb9e3
944,4160f2ac-7693-4197-a875-369e56c8f908
945,9614b44c-ec6b-4295-b038-919d509c35e4
946,9dd5c7f1-9a0e-4f66-9590-3ec2640f3ec7
947,5ac07d10-430f-409e-b65f-ba9c18389fd6
948,5308ce70-663b-4b8d-8a2d-eab85f241d78
949,60a83ca5-6414-44eb-addf-8370f81aa1c9
950,d76c33df-152e-406d-8a7e-83b580ecc09d
951,2942286f-1414-4e0e-84a8-e2a331700615
952,a64d6758-1adc-489b-92b0-cc77f0fd8488
953,71d0cb41-f71a-4da9-93fd-6f3a706bddfd
954,d48a7c7e-4e93-4f13-a858-3f5b16289edc
955,8ddbbdcd-10a3-4a0f-aea4-075673c13c54
956,b72412c7-0bc7-4777-bcbe-0ef785709364
957,8e05c1d6-231f-423d-8283-e0df937ec04c
958,234b0b03-41f6-4f5a-b596-45fe4f4f125d
959,066fbf34-757e-496b-860e-b123015a1322
960,cf01f9b2-c5ee-49c8-a9b8-3fd2361b3679
961,a7ffc328-a0d7-468a-9e6c-b9f94fd186d0
962,90c882dd-97e7-4013-b859-6400e5f97738
963,bde443a1-3726-44ad-b990-816efc689242
964,85e963b6-4872-4b3c-8774-fc6723e00962
965,169db0b4-f4f9-47b4-a138-1e1c10007d66
966,bf29d220-4f00-4a1a-a53e-6378b8f4004b
967,d07b98a1-753a-4362-9805-14331e2684c8
968,0f5b0189-a1e9-4524-a8a0-e124724d3b50
969,cf3fbebd-df17-461f-ba62-3d85f41bdd59
970,588c374d-bdda-45da-822a-ab62b4699702
971,f3774a09-0a49-4703-a6f8-21d030f57acc
972,6ebc7ad7-7c91-4f11-b39c-b800c61c37fa
973,396f16ee-8310-48c6-b232-ed4d2239b720
974,1b6efd64-09c6-4234-b128-ff3e3513deed
975,b488ef89-55d6-484a-8ac5-cd1b8bb66a89
976,660c8f4e-27be-46bf-bc39-12784a83f72b
977,23afde7a-1890-4942-986b-3156b02ed9d9
978,da3db862-28d6-41a9-afdd-cd7e307f2df7
979,7a231a0c-b2c1-46e4-a0b7-a4223207f230
980,d5f0be72-d826-4298-8e36-376fbf1f87ca
981,47de5b77-9c21-43f3-8013-907b50248938
982,caf3a138-a1b4-4c9a-b63f-51092e886e22
983,c76ece95-2647-4ad9-995d-54015d0460ba
984,03bde9e2-856d-4fc4-b977-58daffb69943
985,c2919e92-83ac-417e-96c2-6e4eb4b7f88d
986,18ead3ab-ae34-45bb-b32e-b0e4ef6ff7ff
987,3e54f52f-58e6-4d8f-8bfb-ed1813b76a61
988,c51fdb27-5127-4a70-a7df-0fd55b14725c
989,8a76fd79-6c0a-444c-822c-408ff2209c60
990,02ae04e8-1229-4531-bcb0-8d0359e61613
991,364c9482-6353-47f5-84fe-4fdf181e0eca
992,e5e509b1-4d47-46bb-a73b-deaeaae62352
993,c9ea46c5-7cc0-4ec6-8930-bd6eb3442419
994,933709f3-1d9e-45fd-aa5e-9b932401ee8e
995,627f57f4-6dab-4a74-9e63-bdc57bcc0247
996,9cb7cead-f6ba-4d00-ab05-f1715120f111
997,767ce8c8-23e6-46fd-bd1c-9a987b598278
998,c0134c46-1e4f-4511-9494-84395d20f2e5
999,1adc210e-4f9b-43cd-86a4-46e6dd4f5fa5
1000,e26f586d-5607-4378-9e1d-2b1f4d79dc57
1001,d311e439-8096-4cdd-bb5d-1e0e74b227fe
1002,52d87c73-a02c-4db6-bd47-9e207e42c544
1003,89c794a2-1050-47bc-ba87-ae532881adb3
1004,aa59289a-8deb-4380-b122-65164bd97e30
1005,db6f07f6-6b14-4c5a-8893-653fc86e9295
1006,42a785cf-346a-4579-a8e1-bdd2f45c6729
1007,704de469-c1d7-4e13-9740-0d293d03b67b
1008,249b9593-0cbc-445a-8a84-bdfba875a321
1009,77387f07-1df6-4412-bb24-ca5abb1da525
1010,11180e3f-9c3b-4ad5-88a0-45e3f6e69c75
1011,3706087e-5fa8-4708-a166-5515bab6b3b7
1012,5809f3b9-203a-45f3-a6a3-2355e1f1e9cb
1013,b48cd2ca-aed7-4af7-8533-f8cbfe9d41c9
1014,23b30f02-f3c1-441c-9373-b7b6cdb990e5
1015,f81c135d-997b-4039-a1d0-ead1c04d0ca9
1016,a2fab312-ba97-40cb-a3da-451bdcf127c4
1017,8da262cc-c0fd-452b-9f32-d9f17d8f7497
1018,a338eb50-3246-4299-8a95-f44ff14a878e
1019,465c7912-19bd-4148-ae5b-c8bed976b541
1020,4b7861cf-dbb8-489d-a8fd-1f253c03e522
1021,c0ab7418-8573-46fd-a6e0-61d04d03832c
1022,f16321f1-6d71-4953-be88-18a6a30a99af
1023,168d7edd-e0be-4c72-ba5a-d5d606c9ae64
1024,4b315a66-c7f2-445c-b6c7-536b48a3c4be
1025,5b944a05-a30c-4234-b87a-6d9c544117b5
1026,7b491d98-648c-4d1c-a0ca-974f9e15f684
1027,ec395db2-65ac-4257-9e0b-0920bb9dab0d
1028,c1875d18-127d-4b9a-b266-fe166607804f
1029,eb693690-f277-49f3-b137-5281c25ffabd
1030,549b906b-4d76-4fba-afaf-785c5caeac9d
1031,82798af4-613d-4357-996c-aaf14a2ab05b
1032,1c261430-4464-4039-a1a2-cca4c1f6c104
1033,4ec265c4-27db-4213-9841-5e8dc11326c0
1034,2e7e7de5-f233-40df-9a28-b72d47474bec
1035,55869c03-e88a-43d2-8f83-25f3ee4dba61
1036,1ee62735-72e1-4ba2-9fa6-fe198e14cc6a
1037,bb44ef2e-282f-495a-82a0-27e16ade6a66
1038,983fd862-c9c8-42dc-91fa-5cc71c1b6010
1039,75909100-96a8-4d8e-9d6b-e8bfb8598f8a
1040,3a15baaa-b4ab-41b8-b11c-96acd5cb1d49
1041,e549ca13-d645-4f63-b309-d8d8abe0aebd
1042,e58fd7b2-2ccf-4409-8131-812275ad67c2
1043,e6b8b8c9-5abe-4622-be1f-2ac6328d92fd
1044,16fbb854-cff5-499a-9323-d5b753d89159
1045,73fd20e4-2bca-4d8b-a2d3-7b9a9d488fc8
1046,a40700c3-2f04-4aea-b9d1-e91fc0e571d8
1047,e41b6e3e-958e-4faa-90ff-2f936ab055e4
1048,033ccaee-09dc-4840-90e1-182a1bbffdb7
1049,6d8fce31-b4d8-4a3a-b592-3ccf8896cddf
1050,609cffb8-5209-4a8f-b212-6625b695ea2d
1051,537f4e4e-1097-4c63-ab4e-c8e01c556a60
1052,c4e62b97-50fd-4a64-a5c4-00a564fc5ccd
1053,c179b748-b8d0-4601-9771-a3a6017a1756
1054,c0e7c782-a22c-4ee1-b2bd-3fdff45e7c0c
1055,752beb28-330f-4538-88c2-c2275eba6f40
1056,e9dbff2c-878c-419f-8554-1932177de639
1057,42f73077-d91d-40d1-8b37-bda884d66a61
1058,2edc3dce-9909-429a-8f04-d5aa6d23cf6c
1059,2a8a7dc5-7f88-4520-a5e0-23a4ecba7527
1060,b90647de-221a-43a2-b5f7-a8331c055ddf
1061,363e5640-4d3a-4d24-880d-c97b2ee41e81
1062,2afa87d6-ba38-4d5e-81ac-7e736794a006
1063,f2a980df-1fab-4ae3-b7b6-4e00b00421ec
1064,e7a69056-d7dd-4bde-bda9-72a043d86fd6
1065,f87a46df-d26c-427f-b67e-a156ee8516b3
1066,0cf7399e-59b6-4467-b371-02fcecb5ed3b
1067,240d1794-a50f-4d4b-93a6-78eaded489e7
1068,d648f8ac-2d32-41e5-bc20-a3a75bdc0459
1069,f5a025a4-4a14-4a70-a72b-aedf716341da
1070,31ee064a-d401-4083-9ad7-1b6aec54fd95
1071,0ea9c380-4a1f-4644-8b86-d0ccfbfbe11f
1072,4b6383d6-ac49-4152-8db7-1f064f9e74b6
1073,d4b0c0dd-0a6a-422e-96e8-3253ce37904c
1074,868c217a-9c1f-45fe-8455-0e9d3b27421e
1075,cbf7ce25-d78b-4773-85b8-22abb3ecf094
1076,493242da-ffda-49fd-9078-647ee1ed2014
1077,d323fedb-ca0a-4ece-9987-6f36efa46605
1078,ae105989-beb7-4c37-88bc-4f02288cd706
1079,4a444b4e-9a72-4029-b15f-64ce65d017b9
1080,3b857024-4424-429c-92c0-f6fd589dc3bd
1081,80ede600-c7df-4452-a730-56bf1aa0ad0c
1082,a8c44239-4c76-4936-8d08-9836cbf3a2d8
1083,4d73734d-0290-47fb-bbbe-2a447dbddae4
1084,c82c469a-b1f9-426c-ac1d-3c24348f4a6b
1085,86584639-05ac-4649-aa8f-b91c93157c14
1086,5f7c31e0-57c0-4774-a1b9-6d3dd01f3f6f
1087,7e77a216-6e6c-420c-8e9f-059efc8179d0
1088,2018e292-574e-4cbe-88a6-9b4986caf353
1089,4a07af5a-5f92-467a-819c-43c24b0f4eb9
1090,6e4a46ba-16cd-412e-832a-fb28e098ccac
1091,244d220b-308b-4936-864a-e2c16e68b4c6
1092,b180d4c8-ce55-4f18-999e-d3ba32032b15
1093,829baf4a-54f3-44e5-ae73-865a332322e3
1094,a312a820-5d95-4ab9-b249-9e80934ead4a
1095,62b929bf-33e7-4e27-81aa-aea86924649e
1096,9756a981-0c8b-497b-9126-1ebb84a3c32b
1097,0b2ceefd-3516-4b99-a5fa-4ce7fea21394
1098,fc01e7dd-b5dc-4d0c-8f63-4d0498418a90
1099,c906cd3d-0caa-458f-8f55-8bbbf10d86a9
1100,d07eb504-5161-4b40-ae39-9b2b605a6c55
1101,d4c16f2b-bc00-448e-a099-e37574d9153d
1102,d8657085-7276-449e-a9b8-50f44e2a52f5
1103,2d638e58-a59d-47bf-9c8f-419dabec6366
1104,298c6d8b-59dc-487b-a966-4beb815ac970
1105,2ed27183-90c7-49ca-b173-5ea0d5528814
1106,d173705c-b972-4b1d-9cd7-d117df264cd6
1107,4e2da750-9182-4dbc-8cbc-2605c70b38d6
1108,0ebd03e2-c107-4968-96c9-4c470416388b
1109,3526d334-d9bb-4f5b-879a-9840dc3b9e33
1110,06a744e2-122c-42f8-be11-5f9c146abaa1
1111,50a0ba67-dc42-4cdb-8968-28f3fb20cad9
1112,4337e007-2ec9-4372-8fdb-a7d37bfa9bf9
1113,6c615714-9e5c-4cf9-8865-2c4234ac1bb9
1114,d06b3df4-faae-4a6a-a3f4-99d192f162a4
1115,67dacd55-d23a-4fbe-bed3-32c0aaa13ac1
1116,fa2aba50-d2da-497a-a151-10b59ce5fd55
1117,760294fa-71d7-4772-97b1-826fd82f90a6
1118,d630cc8d-4c47-42c8-aff7-9399509371fc
1119,c0c10215-df8b-4b40-865b-36397f9227f3
1120,e3b9ec37-0dee-49e4-88f5-75fb606849be
1121,4afa3877-f8f7-4552-af13-7b73d41e606c
1122,95fea83b-6d0f-4703-ad43-39737dbfc3d9
1123,d2c00310-c2ab-49e9-b0da-7cce65c4c07c
1124,a56d72c3-8334-43a6-bd3d-e19ad9fbeb10
1125,9ebc36c4-d439-4d9c-9fe9-3bd3e5603bb6
1126,d1c21daa-6d2f-46c0-884c-8f389710c088
1127,26b60416-3798-4f8d-8868-9ac8f8d9baf1
1128,ed0e5614-9d37-4fda-ba30-8b5c507c8e19
1129,4fd4125c-b9e8-4fdd-83c5-c3559953a738
1130,a0d0d63e-f857-4e5d-afe4-d55dcd64d50e
1131,6f3b13b4-f133-46ed-a111-4458641fcb57
1132,15055702-2b61-40ad-a666-fa1317d6a63c
1133,bd2a71b4-dbf8-45d8-a017-f199a61be5e5
1134,ec890510-0faf-4387-9d50-c634cdab75d9
1135,19707002-be4e-43ec-8201-5aa6a17f9c7a
1136,dfbf512b-5a04-4020-81ee-fccf784e9e1f
1137,6b8c9e4e-383e-45d9-939a-7380e5ebb11e
1138,0a3c3f00-7769-4ec8-b179-888ef6a3d34c
1139,a682908f-11e7-4615-a728-05f61c5f24ce
1140,acb5a401-37a2-44c2-b040-05e143b7918e
1141,91b1ebdd-d1fd-47c3-ab88-88370f3c60f3
1142,fc6f8b52-1b52-4d73-8237-e004e376fa8a
1143,3970370b-3599-4b96-9adb-4541390beff3
1144,107f8f07-104e-44d2-a28d-587e58aaa19c
1145,e2e4f4c0-f3bb-4782-a291-06a85d4164b4
1146,0976d2f7-9498-41e7-beb3-4d6013aba6ec
1147,8f697c5b-9aa2-429b-a82d-709868a334b8
1148,8af1bcdc-c8b3-467d-89bf-a2056940a953
1149,6599bfc4-fe77-4087-b651-7f6fe359a5f5
1150,4c283e67-dee8-495a-acb0-d4cb57a869f2
1151,ed53ccf3-cafb-4e19-bad1-0584f5bcb56a
1152,c3b7ecff-a18d-4f37-893e-a453f0619396
1153,bc5777da-d1c8-44d3-bc6a-215584b16650
1154,11845c96-2c11-40ba-919d-86bd3e576420
1155,f0bddda8-5779-4d8f-a95b-d1aa736d6e1d
1156,defe89dd-4232-4804-8443-fa3c57dd738d
1157,700b63e4-2156-411f-9072-2a1539433b7c
1158,62edfd33-23e0-415c-9b66-7dd36aa0abcd
1159,076b6158-dc14-47b9-8df6-22a81d04bcc6
1160,fd95f151-51e2-4e86-a2ce-3f43ec7b775c
1161,5475c805-583a-46ab-8d35-a307735433fa
1162,1e8f60c5-8198-4f4d-99ce-129b1cfc966c
1163,c47af289-05f5-4ebc-ae89-dd2ae1aa7b6b
1164,5211edac-4fd6-411b-a2fe-aec2621c6487
1165,512aee04-3d39-4a45-85a6-5e9fade1e0ba
1166,127fc0b5-f6bb-4acc-9629-e998737b2d43
1167,e38c70af-58ce-4255-8d49-50640f63bc8d
1168,636c0c38-489c-4ddc-aa26-37153a46f3e0
1169,7f5cf091-c651-43cd-98af-685c8cd83fe5
1170,39dd72f5-4527-4772-b461-5e6971e13220
1171,6fee28d1-1b11-42ed-b0a3-79f4c3679516
1172,9ea57c9a-9df7-4d07-86cf-b4131519eea7
1173,47b6f536-bdaf-4c61-928f-9aa3ece20915
1174,eee8be95-ab0f-48ac-a6ad-6f01961f6135
1175,0edcf0e1-522e-4cb7-aa79-1302e07de528
1176,22b07f12-7743-4448-9985-d8fb52782b54
1177,23a1afa9-97aa-4c07-9298-ec660e6f8105
1178,61a3ae96-b0f2-4a92-ab61-9ae542b1d1cd
1179,09f12c9f-036a-443e-b059-bb6339bdc7ff
1180,66a08b55-8b61-4814-9af9-425444f83ab6
1181,496936cc-6588-473c-ae20-f0ff488f5adf
1182,13d03b12-2af2-4b42-a55e-525e366f44f9
1183,06db519a-232e-4a50-80be-5845306b8189
1184,6324c8a8-ebbf-4507-861f-be0a7e54c47c
1185,a8ac0d0b-73a8-4739-9696-fdd702bda9af
1186,0e39ea04-b957-47f4-8dff-2ffa4f38ab44
1187,60485221-3340-4b33-814a-01eaeb7a32f7
1188,58c26f92-30ec-406a-bcd9-a3bb57597b09
1189,f9ced342-0bf5-484f-b240-ceba04a95a7a
1190,44768abe-ab15-4640-a376-2189e3b86cf0
1191,e546516c-3dd9-4155-ad4e-db2fc6abb464
1192,7983893b-f28e-498e-9990-9d411d0ea563
1193,9eeb558b-894c-4ec6-b24d-f3c6e16e22ba
1194,3fca5d55-e230-4aeb-97e3-9e0efebf4b05
1195,af6a92ca-0a80-49bf-b0b4-c0891b6e34ce
1196,c27ab9e6-4daa-477c-ab93-3de725ed20ed
1197,b6520658-6131-4bad-a906-04506cc11548
1198,66d54589-9baf-45e6-a1c9-5560662f7d0f
1199,2d32552e-3bde-41d9-9cac-4754cc360c86
1200,35957fa9-4789-4f5d-9e21-a87bc5eee454
1201,c0941a73-52c4-47a3-8188-f6ef240859d5
1202,3eef2c57-bc2e-4099-9669-25a93c84dc77
1203,3a742f8c-aa1e-445a-bc40-a75dfc84ecd7
1204,493c0dcd-efa9-4008-ae36-795355edaafa
1205,141c95d1-8d32-4881-be90-c816bd23e435
1206,289014c6-fc77-46ae-a351-cf19c27e1ead
1207,611a06e2-0cdd-478e-be96-bdb62c052bd2
1208,114a956d-0270-4637-be80-e040d00f7546
1209,2f041077-c226-40f1-854b-9d779c2460c1
1210,04b43381-080b-4697-bdac-44efe2974c4d
1211,117896fd-fa69-43a4-85ab-c59ccb8d6c48
1212,a7911f08-9493-4bb5-844a-297aed3d0174
1213,ea4f78fa-b02d-4a85-b2ef-7d421a1a7753
1214,b1fee2e9-ee6e-45cc-ac53-b590f9c60810
1215,12e60ceb-3148-4a9e-a059-b42cfde58961
1216,b618b702-60e5-4f1e-a28f-aade330d00c2
1217,d2213d18-b2d8-4211-bd61-dfa67097fab1
1218,d052577b-715a-4117-b131-3c0a125f33f5
1219,d73d0940-1494-49b1-8fa8-f839f3f5733a
1220,88ee07ce-fca2-4b4b-9c76-cfb8d15d30a7
1221,86a5594b-0237-4873-ad42-68ebf006829c
1222,fa3ad408-2f60-43ba-bea9-5107808f158d
1223,1ac14430-0a3e-4fa7-9f2b-1e0d4c1f10b0
1224,8a1924bc-c409-4150-91c3-c18e2d5be140
1225,7a464f38-0721-483b-891f-a8cb814086b7
1226,14d2c752-2acf-4a65-af9c-9a88446b4594
1227,75159570-8119-4fc2-a5a3-7f786a38d8fd
1228,f4393284-d3b2-48b5-b888-e9e9d454cb0f
1229,513c7999-366d-4a8a-a58b-8a618bf0171f
1230,23ee0749-e055-4a84-bb8a-3978f7df79b6
1231,0e978958-72ec-4ad0-af89-4a6cde077ff5
1232,d98b0cbb-ba82-4437-8f7a-e7ae03f1b85a
1233,34607b24-241e-4fd1-9472-2d44140ceec7
1234,81818a5c-62b6-4947-bc5e-1e685463bdfb
1235,f349a1d7-b83c-431a-be6b-78e50ef13074
1236,8719d4d0-b2b3-482d-91ec-afa8ad5b236e
1237,31d55e90-b1a5-4e9f-9c0e-31cd906ff4a4
1238,0415f6f6-ae5f-40bf-8436-433f1c8c13f6
1239,599d4d23-a261-4b47-9e01-b250ea2c7ae5
1240,7ceb2b82-33d5-478b-85d0-5c96e0fb405e
1241,4d94fcca-161b-40fb-ae19-77ed5bebd7e9
1242,826561de-7a36-4d1f-9ab7-8094d1215d2a
1243,f4797820-3e69-4a71-831c-d661f6260501
1244,24621bfe-eee5-4db3-beb9-26f2f9956127
1245,a1f57c24-4065-49fa-8047-4f8d7f8c020c
1246,29062b64-314b-42c3-b8da-231ee24d07ef
1247,d362ec7a-77ce-4944-8c38-1697c91a895d
1248,939396ad-5551-4f59-82e3-80de2243d7ff
1249,63151bff-43ee-4d18-834a-a3604cf8ee36
1250,ff5fd80a-9a27-444c-9881-f7e35ca8cdaf
1251,f788737b-7ac7-48c2-99e1-8535ecda86e5
1252,24302a55-fd90-4a14-8dbc-1ee81afb72e0
1253,648b3ab9-993d-4ec8-be42-efdaf28ca15d
1254,8cc63a43-910c-4c5f-a079-3d1d748c38c8
1255,42016530-c4f3-41ae-8b8d-be0d7f742038
1256,9b6949f4-1dfc-42fb-87c6-1dc736e95ee2
1257,ab5d7d7b-1863-4d2c-b9bd-d4e31209922d
1258,f4201ee7-c5be-47ff-8238-dfe3443223e3
1259,38777f97-2a99-4920-a5dc-94280bd47df3
1260,d71faf37-a537-446b-81db-cabbfb96fce2
1261,65b3deeb-d3a2-4e9b-890b-fffd072f6228
1262,f9a09f67-dce4-4a5f-aa74-55513768c0c8
1263,c8ee30c9-7c80-4410-a19c-7e5040fb46a0
1264,2fafe874-fb60-4120-870a-864d60345ff4
1265,cc6a4ae6-dd56-4207-a577-c685fcb3a62c
1266,b5c2eab2-24b9-49a5-af4d-2c56c3cccdd8
1267,a160ee24-4c34-44de-8756-bc942d7bf485
1268,f4cf839f-d0db-4683-8190-85cc6697dbd1
1269,cbacd893-c4b9-4994-b242-7480039d303b
1270,670414d5-b561-43d5-9ca8-1e10eef0a788
1271,f1bb315b-2bc6-4b27-a30f-95832d88a5c8
1272,3c9045ea-d41d-465c-9c8f-eb6a621f3795
1273,b0697cbc-e546-445b-9aeb-3cdc1abe397c
1274,2a0d9ee0-95a9-487d-8500-92c49f4ac102
1275,abfef4c5-0375-493d-b375-883623c872bf
1276,874fdf72-4941-46c9-9e35-566a304e0c89
1277,c31359fb-8509-4882-94a7-aa37811725fc
1278,16cdbdb8-16e5-4727-99ba-79039e30be3e
1279,36b9ac1e-5997-47b2-9f40-911b34fc37b5
1280,20a9b2be-2517-4871-bbc8-bec0173ab45b
1281,efa3099e-75cd-48bf-8d1b-052840b48c55
1282,c6c94891-22d8-4bac-9738-a2b4254053a2
1283,cf2155a9-98ef-47d0-9f95-a8f20128f6be
1284,6492ea31-32be-405d-b4dd-07db6a256f8f
1285,6b51344b-469d-4df4-8ae2-e97cb7032008
1286,e83e32e0-0fa4-4118-9d50-594f991af8e6
1287,5b38f41b-4e17-4fe0-b3e5-33118d564b37
1288,fba265b0-ca3f-423d-890f-3d4651e4f785
1289,c1e42f96-a81b-4d89-a1e2-b69baa54684f
1290,779f4b0e-b7f8-45f8-a076-cbc8a94385ce
1291,eef16178-4d02-4102-a1e6-e2b8fac97842
1292,26705664-9ccc-4e98-ad5c-19917d90b073
1293,b9338068-b36d-4b38-b6a1-91004ba6ff76
1294,2eb33e70-63e4-4a00-a992-56fed03e4a8a
1295,b271eabe-4e8e-4818-8ddf-b98539eb02d5
1296,cc585b9f-6907-4692-a1b0-3c8827d7ebe1
1297,3efff912-d0f6-4adc-b348-4aa45f12587d
1298,b87a4ca8-f742-4309-a2a7-25ea0c92d7ff
1299,2c9a2ae9-05d4-417d-a15f-e9666956ab86
1300,478005a9-4c66-4ad5-bb5d-97148c9cddcd
1301,c9fbd4a9-7fec-4f28-977e-597a523e62c5
1302,7912f243-4e77-4f22-9971-5b2b2aee411d
1303,fbe3d412-5b87-4cac-aeb3-9bdc8ad58af2
1304,5a9fab3c-c8dc-467f-a488-b00808283f7d
1305,f2dada33-90ae-454c-8b03-75db56ad7056
1306,8f31ba94-47af-49ce-9242-36d5b234c42a
1307,5785003b-a608-403f-b29d-0e1e0cbe3b5d
1308,bb9e0171-825c-4ff2-be9d-2baeacf3e300
1309,b34f8a50-c915-4b2b-a964-48a86f8826cc
1310,054a9557-510b-43c1-a14c-67c15f55ccee
1311,d89fef64-ef9c-4d94-9d10-c849c29c68bb
1312,190d2674-5a23-4fc5-b87d-7c3dedfd9ea1
1313,c8065078-29da-49eb-a3ac-0d0854663572
1314,2a93740a-003b-4700-867a-28b89d3d38cc
1315,d5089dd0-74fe-4f1b-a889-e7885b824389
1316,050bcc36-a953-443b-ad0c-22d4c52b20a4
1317,da384bd0-7132-40ee-98dc-e26755e2aedf
1318,729f2f7d-f7a5-4bec-a2a3-428081d57511
1319,ff1c274b-448f-4a5b-8751-75aef56759c9
1320,0ec964b5-d096-4f78-ae16-ee67714ed023
1321,b9bb2a2c-e835-46e3-a6a4-ad03bc0cec35
1322,ff07f239-7c04-4a17-ae41-7d078dadc3d2
1323,0134bbf5-f041-4952-a8aa-4714cf61e129
1324,a8f84f8c-1b81-44f3-a0d3-367312ac3d96
1325,240a4622-3954-468c-8f47-6c5730a08516
1326,dd540440-1bce-4474-a128-3cebfdd25e49
1327,38dbe850-e410-467e-9daa-2637a8e3f727
1328,5b2948a4-e6ce-4ad0-a600-f60348914ed0
1329,8f4f4fd4-e8f8-4a21-92c2-65ca89a15e25
1330,712b2b32-9c3f-4587-9dc2-16cb2b863809
1331,3c2ea112-3b6f-46cb-a310-c471276c57e9
1332,19e2a79d-baa8-49cc-9377-84670bb7c55c
1333,e8026f44-e311-4ab6-a440-9af4dd57f589
1334,fa881f03-8b37-46bd-8626-3fac8c474974
1335,fb370d15-68ff-4cfd-8f30-38bc24642d1c
1336,2f8aa337-e272-4160-bb72-c534f62576bc
1337,8a1f5157-5c7b-44c8-83c3-996a6b00a6cb
1338,452cd263-48be-45e6-a830-8434757cfc57
1339,e8afc0ca-a927-4cd7-86ae-58997a5e4f84
1340,3bf7e811-0fea-4a13-9e69-8d023d677814
1341,1072cb3d-c027-4847-b2b9-43f7c75719c0
1342,fb57a0d7-44e4-4932-8a20-b1443547cf6b
1343,1ffee4b4-7f40-4e39-b3db-af153c3b0381
1344,3606922a-b83a-4da5-b5ce-8b6570c55fd4
1345,02552e42-6275-4c9a-9752-baaf552d807b
1346,ff532922-e8bf-4cf4-b01e-2755868d6057
1347,5026898a-3116-4b07-abc2-f48f3f4e5241
1348,7bae9424-1ff2-4a76-8618-854e9a4184a9
1349,fd0ba165-431a-44ab-b1cd-aa301bdaf0af
1350,8cf57ee4-e1e4-4a11-a2c1-04f42acfa915
1351,fe26400d-81ff-44c3-aa3d-a69c308a6a11
1352,e836ad13-d381-49f1-9d73-9a1ac93a42c9
1353,86df0b71-20b3-49c9-9752-53fe830b3e2e
1354,0bde05e7-37e6-420c-81c9-6bec491cc64a
1355,1474afa2-fa51-4e93-83f1-cf4bf3cef3f4
1356,2d2dc442-6326-4b91-aa83-5b1d61db4466
1357,d503cae0-629d-49d7-a06a-d65a59038ad1
1358,5833c0fd-019d-4f5a-beb6-69f285e985dd
1359,51caa3e1-608f-4ab5-a487-874376a25422
1360,8954c67f-1125-43e7-82a9-3742c649365a
1361,52581dd9-62bd-4ed6-8fbf-1384206d663d
1362,77d289bf-3f44-4715-9092-5464953a1549
1363,f480c4dc-8962-4c74-8908-11af34a03773
1364,ef502d07-d726-4abd-b153-37253f1a7d6b
1365,fc66b55d-9bd9-435e-a5ba-7851d89d0ad7
1366,8d50642f-b3bb-46bc-91ae-8f3e56f5736b
1367,fb1d40ed-16b4-4961-a061-94fedbe255eb
1368,f4922662-e2e5-4f26-b392-89e2faf38a32
1369,ce571a3e-9d97-48a3-a2c1-5b8f8d62f90b
1370,831df4c7-3edc-4d35-a995-2dd2c06d426e
1371,dc4aad04-f51c-4a32-9367-923ccb472cb7
1372,d4a57116-7aec-484f-a7bf-dd292a250068
1373,44b4d1bb-b5b5-4a40-a2ee-459d94b05116
1374,4a14325d-2b9e-4605-b31a-8c843e7bb187
1375,9f1853af-eb91-435b-a82a-f46d1a2b79a8
1376,84acc5fd-3744-4e53-a65c-81f4cb4a2b7d
1377,aa51e0f5-ad1b-4c8e-b36a-59fc7fb16e6c
1378,aea82a2c-f9c2-4fa5-8069-e75b817491b0
1379,19afd45d-77ac-4605-8771-32a941e7fee7
1380,365a14c6-08ad-4d0b-a300-a2d92af1f76a
1381,dadf07ce-453e-4988-a64b-37e9831d28a3
1382,c513074c-39f1-4d01-89b8-83bc8e116449
1383,601ec6b4-519e-486a-a675-846c94627dee
1384,bd70b907-a5eb-4f1a-8aea-fada2688888a
1385,0c888965-e617-4723-a8aa-c917df63c620
1386,3989d1ff-de8c-4dff-8679-60415a02da76
1387,2a564488-76a5-4f8f-94a8-5bf46dc98501
1388,20ce36c7-d0d9-49c4-a258-c5a00af8e7a6
1389,6ae7dde5-65c5-4d0c-a206-cfd747faec9d
1390,a10b51e1-4be1-4757-9042-5b2353b46ce5
1391,b89e406c-a374-44f1-9157-0b782781fae0
1392,cdec10fc-ecc0-45f7-9d5e-05ef54b5341d
1393,c1e36653-3c43-43f8-8ab7-d131f51e1abd
1394,c48e58f9-92d7-4e2c-b74b-cac0a9ce7814
1395,b9c095e6-9d8f-4706-8afb-bb38b988cffb
1396,1a0fe7cc-fcf9-4241-a1e3-74d842a3f6e4
1397,28283add-57be-4ad8-ac39-2675d4c2c01c
1398,5ebd340d-3421-449f-8b50-3731831a6b21
1399,16b3cbb9-0494-4dfe-9264-0b4b977a5ce2
1400,99fe3ae3-b1ab-47f6-8937-cebd2ea34ad8
1401,7353db6d-204d-46ab-8343-2be4098a7978
1402,7f8ef50b-32e8-4b22-9ede-7413c8e9c548
1403,957d004d-1e0f-4397-b970-a1ff0d8e51ba
1404,ca9412db-7017-4aa3-8abf-f00cac19851c
1405,1c02849d-935b-4a8e-b63f-dee9db3595c0
1406,885c8174-7479-4a10-beef-774da5785a66
1407,dd728265-42f0-45c8-a125-7b8d3d799406
1408,2c2ea8af-21c8-4238-8226-e8a6e5b6eef6
1409,2ff3d293-e115-4461-bd14-666789f0b126
1410,e571b961-96ce-4147-b751-f532ff775fa3
1411,4df6c9a8-418a-4079-b5ef-121d88eea2c6
1412,952e52b3-5f92-4f9c-ad23-fe722f32ba6d
1413,94e46766-82ed-4c04-bd3f-8559f68d3c3a
1414,e6782c57-5d94-4c51-af01-e939e18bb3dd
1415,53f0b696-8eef-4e89-9af3-244b8d170154
1416,ff85b0d8-3346-42e4-ba3f-fafc66344197
1417,75e34ac0-6294-481d-a6ac-527dfcdf902a
1418,d6a89638-92e4-48cd-8606-f53c7efbd7ce
1419,3215434f-8c46-499d-b51b-e03c9e5a9e1b
1420,510ae7c5-bdec-4951-b659-25a53081a541
1421,fd900313-455a-43ee-b6cd-4e3e3718e225
1422,7c071a50-f05c-4ec4-a7f1-86bb0e5854a7
1423,1cb3f4f0-a5c6-4868-bfcb-81f631231897
1424,a4d45afa-cada-4fb0-91a6-92f5e23a0fe0
1425,d479828e-0761-45cb-b344-2b585bab2aa5
1426,11ea932a-1388-43dd-a9d0-7538d19c9b05
1427,6bd1b29f-2188-415c-9e5b-f68c784b09fc
1428,3132c729-de67-4848-bb31-fac222a5baed
1429,6c3858cf-1b86-4e51-a22c-00ed91b692ab
1430,546825d3-5051-4c3e-8bad-a48b2a758460
1431,cd19d3c1-8a21-458b-bc8a-e89ad14052cd
1432,514c1d7d-73bb-4c9d-8aaf-aef57d5d4f0e
1433,0a2e3acd-f656-48e3-b44f-0f78d2ec5faa
1434,2b37183c-0631-4175-8df5-ea5fbae46948
1435,e8750eb3-2f0f-46e2-9d1e-9eb3280691ac
1436,d7b2db48-b182-469d-8e05-a54a70e29297
1437,7ae2f762-45a1-4e9b-85b8-b8c4b033da39
1438,10482426-0176-45b7-bb7f-297d937bb0d3
1439,a12a7ba5-c077-4356-a396-c53b0a272812
1440,5dccb79e-a8af-41d9-927d-6bad9cebe2ab
1441,3e43d3f1-14aa-4209-8d32-029d756e8376
1442,1963c0df-2dc2-49e6-94f1-7f06d465f8c2
1443,e842946a-ca55-489b-83d0-e8b3fcc48a03
1444,8c141688-bfdd-491d-b311-424ed581141e
1445,7ec4606f-0060-4974-9b7b-d8c6c0d0db09
1446,c453ea65-5729-494e-9bfd-756b3a239019
1447,8af600f3-91f2-4962-8205-1768d167b884
1448,ff6b409a-08b7-4ce5-94c6-798013cb1467
1449,4c93c01b-4d8c-427a-a05d-4a26ecf1bb04
1450,d3bf6b86-2111-4b29-a9e8-c22043e632c7
1451,73fae66c-da5e-4145-9699-200f935e9035
1452,918298da-e5b5-4e36-8d84-a1d73aea81ed
1453,c317e660-f05b-4ad3-9698-bac39ba21ab5
1454,1d7194d1-59e6-4b73-a68e-860561b3f8ca
1455,699b2df1-4e46-4547-a734-37e961243317
1456,9691a374-0bcc-4d34-a6ee-da6b4dfb86d3
1457,5fefde5b-2305-4c1f-92d7-99994fc27723
1458,699c3cc4-bae7-455f-998f-eac2c0d836f5
1459,6784f881-4559-4710-9df5-7c4225d91c58
1460,c9842b74-372c-4b9d-9bd6-b397d11c559e
1461,2efa3f4d-849a-4ee3-9c14-fa8019a31c1e
1462,460b0ac1-7165-42cf-bf94-4df3cd8bf39a
1463,39d34ccc-d5fb-4a38-a802-c18ad9256207
1464,83d4e664-ce16-4f59-91ba-3655bdc735e1
1465,9dd740d6-d2bd-4866-9f95-b3f440275342
1466,34b465a9-a706-4a74-b198-7d9bc26755cd
1467,99f67eb6-d90b-4fa8-b4dc-fcd42491f8aa
1468,812b6d7f-e776-425e-8683-b87e0366b07d
1469,7ee2db5d-fc90-44d0-bacf-7868570ed3e6
1470,9f852e29-2f8f-41e3-b2c9-cf87a4886d41
1471,9410e1d9-2833-4891-86e6-65fd9837bc67
1472,fed8c157-7f44-40d5-b2be-ea28830e9297
1473,9654df2d-4856-4cee-8c71-3ba6601f978b
1474,38fc709f-be6b-4efc-9721-bab8d76a616a
1475,3635ff62-1d5f-48a2-9ffa-50a53c6786c0
1476,a6bc3027-5286-4715-8904-9e46f3999f74
1477,aceb6531-77a7-4297-8663-64b1298174be
1478,1980bab8-ff92-4069-a799-b035a9fd62d5
1479,fa2e6bd8-3618-453e-bff0-9d354cca4034
1480,324d02d8-2c0b-4285-893d-dbf734e5399a
1481,c7e3966b-e32a-42bf-bc12-3083f620e0dc
1482,b606ea2a-a2bf-4870-9bb6-a4e46ee6e4bc
1483,cc1579ea-552a-452f-b2fe-813ae9c11820
1484,3257370f-6214-42a5-aabf-827df7854b98
1485,572a1185-b8b9-4770-a323-e37e9181b0a6
1486,d56a7dee-a17e-4e5b-8141-03d2056cb853
1487,35c063f5-3014-4546-bf88-30bb9d016344
1488,f537b794-2f28-4423-ba4d-7f0367f31805
1489,81c3f43b-e2b2-4c4d-85e5-cf63c4167bac
1490,8da888b8-c829-4be9-baf2-92f33a204a5a
1491,db4f80e1-2601-4841-904d-3b62974e851f
1492,8af4d040-fd24-484e-8c6f-06fe392bdba3
1493,c53f0de7-3d0b-4de0-ad73-fde3cabaf777
1494,96724312-ee39-4977-b6a5-657d9058898c
1495,7d6b0d55-2796-4c1e-9dee-88309fa9d097
1496,a7fa8996-eb8f-4d6a-8617-fb8fccc1266f
1497,03fbb25b-8065-487d-b21e-7060830e600e
1498,1871a314-3ae9-4d57-b81c-6ed7ea95990c
1499,6879c5bc-4f0c-4734-9f2b-5cc7c75f0791
1500,acfa14b6-3003-43ef-a451-a3601b8bac57
1501,9e8f0ae6-7777-4e41-a09e-c488572d7ed4
1502,e91d08b7-feeb-4286-ba2b-697efce1ca0d
1503,82804589-3e6a-48d9-9bfe-5ceafac07601
1504,69004ab7-3f84-4c3e-bd45-f95743a27ab1
1505,3de6f71b-f099-4121-8cd5-c06eba51c72d
1506,3fa094e8-2870-4e3a-9af2-add8fe54565d
1507,2a10aa78-daa5-48cb-991c-e5b819585c85
1508,aaee5b03-cdf7-44d3-ba3f-37c8382fba6d
1509,f6d0f060-0ebb-4ed3-b7a2-3941526593fc
1510,2993f986-4a38-4408-b1ad-3423a88d44d9
1511,69321046-66fa-4beb-ab03-8e75f4c2c869
1512,2eb80d76-c180-4075-8c7d-985d662d3948
1513,98af32fd-2e29-4dfe-bf93-e85d455b164f
1514,a548fcf0-ba36-4b57-9670-d2d3f48c2be1
1515,b7de4055-4f8a-41db-bf93-9607494aea25
1516,4e7e86d3-2e1d-4267-a315-82eca7756aea
1517,1d44d17a-5cb1-4d30-91d7-d4e3d27e85dc
1518,db55684d-635a-441f-b94c-c95859a19fb6
1519,56deb623-29a8-42e6-92f1-4bba032def2e
1520,671c52f9-6988-4366-a7ca-ced04b6e56fa
1521,2e28e15f-9f7c-44f1-a557-28c4827bf0f3
1522,ae7e7f38-d415-41ab-a04f-2a957b106ca1
1523,c49ac748-2922-458f-b6a1-0b5c205cbdf8
1524,194221e7-70e4-4d20-9247-f3719ffe42f0
1525,3cd3fa46-867d-45d0-a03b-c6261b085329
1526,21c692c7-6785-4749-a206-0f9f3eebf131
1527,5383fd46-c78d-4694-87d8-dfe3161e26af
1528,c49b009f-5d36-429a-beba-3f9432504c17
1529,1ba8902b-8876-419a-994d-a363e79ddafb
1530,f5057d97-49fd-462b-9ce3-ddcc2bbd2a58
1531,4d094b79-881a-4baf-8d35-16b2e7722526
1532,9622d402-b93f-4628-bc59-803731e79097
1533,7acf18a2-43ab-4a3e-b655-2b61d6b0ea3d
1534,a3282933-15d9-41de-8ca4-7c6b850daffc
1535,ec26a923-7b64-4ca5-b8d4-9c401a5f3337
1536,feb82955-febe-48e6-bf6c-6cf46e66d38d
1537,a14be4a8-a5c0-4bfe-92ec-19f78cc40f00
1538,97382500-f0f7-4a28-9a44-5f6aa30b2d30
1539,e9e46e58-4d83-49ec-9bf2-ce3276b999d6
1540,79e90a22-83a3-4b78-aa49-aab579573e81
1541,7fc10ae9-638f-49ed-b5fc-b88186176f6f
1542,181dd7d2-83b0-45d8-8df2-d314b50c1bd1
1543,22dd10e4-d513-4620-81b9-f0d6d18ae451
1544,0219065b-cd18-4f31-8a5c-0c8166a595df
1545,c89349a0-0c0b-454b-ad67-e2e394511d1e
1546,921bfb3e-a935-4d6f-80f2-0e1a657272eb
1547,b4ab18c0-a34e-4e23-bc07-9fefee38ea91
1548,ea89c1ef-27aa-4edf-b9b8-112a15bb4784
1549,d04755c8-e61a-4882-ab31-b8e049d5a4d8
1550,5326e9ce-e24f-41c2-b589-faa3438b7827
1551,8bb29f1d-7dbe-49c9-b31d-148dc49c642f
1552,354e0770-d680-49dd-ae7c-4ce69bfce6cf
1553,915f0b66-8678-4f14-8316-f0f196e4b6a1
1554,2b29a27b-33f7-49a2-a0a3-a740f5c16c14
1555,1029abdb-5fcc-421d-865e-d0cf4451910e
1556,4976bf89-e571-415c-9ee3-179448893431
1557,ca8a760e-2cff-4945-a59a-de4437a01769
1558,431a6511-ef66-4012-b9ed-7fb2d3967b62
1559,0ab95533-dc61-4d79-a58e-32112ee44514
1560,64927b24-419e-41db-ba9f-3707c8efe004
1561,1fa1fe24-19c6-4d31-9cd4-d41e1636e4cc
1562,f1716f20-f51c-4888-857a-2a67e2c0d9a5
1563,0c8b621b-4a0f-4ac8-bef1-a6c78c85432e
1564,81cb9d8b-a757-4ce6-88c0-5fb7b3e857f0
1565,fb86f535-c063-4733-83ee-acf4c9bd5b3e
1566,6c4565d7-2ac3-4f1c-b379-14cbdeeb80c1
1567,6b7bf83e-9a86-470d-9751-8a6577f761c5
1568,f8937969-9f74-4277-a9ad-44d41dd8126c
1569,b7e719d6-ad44-480f-9fd0-13f4d389924e
1570,967f5323-3dff-4d0e-b7a3-440fad604658
1571,21a8aaf9-679d-4b44-a9f2-e0393701d3b6
1572,c24c5d7e-5dbd-4592-a5b1-2f0b4b8e37b4
1573,9b907d6b-d6bf-4975-a115-28ac5e119822
1574,47b2e797-1eef-413b-bafa-e6b07dcb0618
1575,8d7f83e0-9404-49bd-900d-c1fb6e42c502
1576,752dd904-a318-48f9-8981-aecff9341a04
1577,1aafcd59-7650-4ccb-9505-983443b20871
1578,2cf08a0c-e7a1-4c67-b0b7-a936c1649c97
1579,1715da46-8223-42a6-8e35-772d5ae6d5d2
1580,20e96b1b-0345-4282-9cc9-8360a854e811
1581,e69c94f8-df8e-4929-a9a9-4983477d75c0
1582,6e102471-7afb-4979-87cf-5f0191ed7c44
1583,c25e6d78-d261-4b6b-9be8-373fd47c5679
1584,63417a8d-88df-490b-b244-507f4c6d88f3
1585,15a54754-85a1-4350-8fe1-ecf03e758bd1
1586,1d736b8d-0585-4111-82fc-8ef38efa6a8c
1587,47561f94-989d-44a8-8096-81cf896228eb
1588,77360801-2ee5-4de1-9b4e-03c574ca8208
1589,6a679342-445e-4239-b086-ba65f9ce9dc8
1590,0d5aba8d-4b3c-4e27-b07b-ef88a504d88f
1591,f1397cf1-66c7-417c-9b27-d26eab78efc1
1592,4ff47e2f-3efa-4e55-a608-b752a66897fe
1593,8f1903d0-e3a4-4366-812d-3a56a4cee282
1594,f5d483ae-ba39-46d7-a6e6-ce8a3a9771fc
1595,bc6a6ccb-c8e1-4e4b-af2a-004609cc4761
1596,ebba0b46-339a-4486-9201-578ce9ca9431
1597,3b47b8d9-53d4-4435-b726-88b31cb4174b
1598,20c2489f-7d7c-48eb-b327-c0084bb24e91
1599,1b67894b-23e8-4036-a67f-6f81b5f8a963
1600,3a6476e1-193e-4196-a787-b37dec68c815
1601,f994fdc7-76b5-410b-a88b-3dd6ecea6f59
1602,9062b4e0-0879-40ae-9d7a-1edc99140d6f
1603,2fb63ed2-71ea-4757-8b29-d1aaf45f917d
1604,35027f01-28a3-461c-93a4-fa7f96202c02
1605,f5beb79a-2bb1-4e57-a4b7-4f1bc2c6105e
1606,9e1f3567-3572-4dc5-bf40-3932638a8cf6
1607,10c74393-728a-4e6d-b068-7016507fa463
1608,8c9c33cd-095b-4f98-b27f-43dcb2328f93
1609,98f46821-665f-46f6-a08a-8639b7decca4
1610,42397d86-0e88-4200-bc66-503eeb4c6f88
1611,4667c72b-fb90-41a6-bb7d-d750485ef869
1612,b9da48f4-8eb8-4709-9031-33a62924a4af
1613,efc214df-e4e9-484b-b5db-2ef98d9c67a8
1614,38e1e258-e2c1-47f3-be24-522c8109266f
1615,1b4d925d-7068-46ec-81d7-6158616f20f6
1616,9269283b-7a51-48bd-888f-6162a67b66f5
1617,9246497a-236d-46e8-ac70-e6c57362c516
1618,bc550565-6d86-417e-996c-08cb9cba9f32
1619,cf1567a4-ae60-4888-99c8-a6791c18b19e
1620,38df55f0-5aa6-4447-bc31-15c463cfe044
1621,089df532-4f25-4d4f-9b53-7c176e5e57a6
1622,97818f2a-68b4-4d5f-a583-3d7092d19fea
1623,db4113c5-93fb-4b8e-979d-33bb8356330b
1624,485befb6-96c7-41b1-ac58-27af734ae2f9
1625,cb8f7145-ec7b-4630-9faa-c0c92cf8b4ec
1626,d8550339-7c1c-4bcd-aaac-da0f7785bebf
1627,4567a922-7241-4428-9b20-87f8636658bd
1628,c71f5fc6-cb0b-4428-a01d-093595520cf4
1629,e5a4e37b-87a5-4b70-8146-d6b13be9dab0
1630,1fe6a680-4783-47e0-a6d2-4983e6090b83
1631,d724a637-87c6-44e4-8f6f-b9da81e14714
1632,c0da0d0e-f0eb-4b4b-91ea-e1a4ac2ef31b
1633,55b16efc-a517-416a-aa21-bde77c7982c4
1634,17d96b7c-dca0-4ef4-b664-2941ed3f5aaf
1635,4397a605-2116-4044-9558-d09e79ebb5fa
1636,fb56590d-7887-4092-8d61-5306a853f975
1637,1626b52b-7221-4ac8-aa62-03a31e91dbcf
1638,dfbc04ef-a1e0-450d-8292-400ddc2b22c2
1639,c08932c4-377c-4e5e-816b-18ca7784915a
1640,395dd753-5dda-418a-bd6d-3fbe9d08f593
1641,46c1ff73-dc5a-4032-bbdd-7027c8816563
1642,ab7b27c1-dbda-4bcf-ba04-5c94f137d031
1643,4818d910-b697-49b0-9f5b-97e6a0f1e0c5
1644,e642ce79-b3b8-437c-93f3-3a2be5b7169a
1645,db19e5af-4dd0-4070-8511-d25c2eeedf51
1646,b967e254-3af7-447e-840f-fc8c8e0a15c2
1647,9f64879a-b1e3-4b79-89e7-e4c3b3dff33d
1648,f9afe363-3c5c-4b18-9db8-5cb5707d1342
1649,801581eb-8fbf-4c6b-bfa5-f4d2b08b7257
1650,a1a3e1e7-c11d-432b-af0b-766db83d64dc
1651,cdfa385b-6edd-47f1-8814-bc1cbfdc89da
1652,eb26e2b2-b595-41f1-b816-d9b053667d7a
1653,5e94ff46-d997-47cc-827f-a6b4eebd2829
1654,a41c7452-b9ca-4104-b261-e4804af44aad
1655,bd9d4a5e-dfea-40f8-bccf-54e02eb6fe09
1656,1892e200-176d-4fc9-9377-736c34a176c1
1657,cbac6bad-ade8-41cb-aefd-bb01f65d4e9f
1658,6e207e0e-caf8-4e30-90ba-b7069bc72564
1659,dea21cbc-aba6-4d55-85e9-02df9f7d478b
1660,984321d4-eff9-4f44-b951-93905da93bbb
1661,ebf5ce58-1092-45bb-af6e-ee5072aff818
1662,fe796ffa-7134-433b-a5b9-3bc0d0a2ad67
1663,92358bfc-364f-4059-b5f8-6c6112a11a5a
1664,a1dc9a50-6071-414f-a0ad-9e5e31e3367b
1665,b2c63220-e172-4a1a-ab38-f9ef1a5c8dc5
1666,f793b7ae-71ee-478e-8b57-8936bad86954
1667,a4caefa8-82bf-4d72-922f-93a9a8732f3c
1668,69b75d2d-204a-45fc-a7c6-886d50f5dd3a
1669,3fa67b15-cdea-4057-af8f-4942f1fb5af5
1670,e99fcfd1-aeed-4312-a2d9-fc6f20cfc09a
1671,d59ed51b-873a-4e01-815c-97d387c96aa8
1672,6befd509-37a1-47e9-89cb-1715b25091bf
1673,751b20eb-cb08-412c-b09c-e0212bc14893
1674,5f875250-3209-4603-839b-4f46d30a9fb6
1675,83a8398b-a194-4dbf-a19b-26eeee02bcf4
1676,829ec3ab-18d9-4eef-bef3-1cd6068ac021
1677,69e3132d-9736-4bc6-8aff-e4d485cf3b43
1678,845910cc-5df5-4444-83ff-2c80c5b093d9
1679,dd8c2876-145d-45ff-8bd0-3e0e9bf41ee9
1680,d7f192c3-1a48-47f5-a274-53b824064867
1681,1d41602b-8fdc-4b2e-b323-e70c655e6096
1682,62a8715d-d80c-4848-a59f-92ec42e2c840
1683,9e8ef839-cbd0-4251-83be-37e09c75235a
1684,dcbc2128-e081-4362-aab4-29da398e7df3
1685,a8cd6c69-4031-49c6-889c-12c03833c487
1686,72521ba9-7014-4a92-97c9-272cc91c04a0
1687,771717ab-c261-4976-bbe9-e3f0e6c2b9a7
1688,c200bac0-138a-4fce-ad41-a440265449d9
1689,49c27070-e837-4557-8749-89467eb52a24
1690,50864436-19eb-4dc7-b46e-565e21828db6
1691,29773a55-568b-4d38-9b26-1753b97a3b4e
1692,72dc340c-4810-4b97-9fb0-0d585473da4a
1693,d4947871-746e-4761-9e86-04e40c3b4b55
1694,3bca93e1-25c8-4216-a213-2a1127cd720a
1695,db07347e-391b-404f-86ca-c66c15d63f74
1696,4434ed3b-626e-48f3-adaf-59d8b09e34fd
1697,16cafc6d-32eb-4911-9d64-dba596078d92
1698,60fbe771-568b-426b-969d-4be3a3fd6e6d
1699,45fb3d82-8717-42fb-844e-0bdd12143a0b
1700,61405432-903d-4887-a401-139f42cbc41b
1701,2eb5a588-eea7-43bb-a117-59affc6a566a
1702,99ebe1b2-da9c-49dc-8f5a-9b2787ff9290
1703,52cb1094-7fbb-4b60-988b-a2428fb41db8
1704,90c9f82e-2a0e-4818-8e08-2f2e0abd6700
1705,553c9472-c40d-495d-9933-ef01c84db506
1706,0e5ab864-6c3f-4c1a-8bd0-f4044e7b31b4
1707,5d6371ee-db99-45f5-ae65-e3d2e2723e1e
1708,0c28f2c7-006f-4b26-b1ba-4b81240cfde9
1709,74702318-6483-4255-91f6-76eae6a8f3e3
1710,08f7159a-fa4a-4a53-bdea-ab297070983e
1711,6c46038c-19fc-4033-9a8c-c6775405057e
1712,403b8ac4-bba5-407a-a0f9-bac58f67098e
1713,4fd234f5-9282-4538-89d7-6fd55b637f1a
1714,9241a1bc-4020-4856-8d0e-afc07cc76256
1715,f4132dc7-9639-4e83-aff4-c509fc316cec
1716,67d4be3d-8057-44c4-991b-44dc38ad5259
1717,631c77c2-3c73-4b12-b599-2d902365d357
1718,090e4da2-3b68-4383-8951-b77705e0a7b6
1719,84aa1285-e1a0-491f-98b8-afd7b4c7a8f4
1720,2f359559-b24b-4b0f-b9d5-f0005bfcb9f4
1721,4e8529cd-db9e-4523-86c1-15ee89640e05
1722,c1637d31-f3af-4a2c-bc1d-cecf17613b2c
1723,ec4db4ad-c149-48fa-a0b1-2b041a537966
1724,3ed174c2-c345-46b1-84ab-fa495f1152ef
1725,0211a94c-4f2c-495b-9083-cbc1235ba3f9
1726,b71c25ca-81d5-436b-9733-39424ac98544
1727,f9c06cca-bc4b-4cce-9401-69ec13d979fc
1728,7b5c6817-e6ce-4714-ac9a-53bd87d56f98
1729,e083abf7-dbdf-4f0e-8bb7-dfba5a853e2c
1730,204f8597-5271-486e-8cd0-8e3202ed1fc6
1731,544a6213-19ee-43ed-972d-afff2269a476
1732,9897622b-8b6c-4ec2-a19f-44c08978f64b
1733,1862fd0f-0049-48cc-8a7e-f7d6001e6f44
1734,13d020c7-5963-4c80-9a58-21d32b1c82ae
1735,b425f49f-decf-47e8-9d3a-c7dec98d67fc
1736,116d0451-475a-4fd2-beca-2c565f4e6713
1737,ce88566d-bb09-48dd-9280-1bd8112916d6
1738,85dfe825-c072-4ce7-9e72-32e3774b3c14
1739,1478f1e0-aa14-4091-9383-038e0d2d116e
1740,9956bf65-db51-4a2a-8898-df6640c1bfbd
1741,9aaa680f-02c3-4228-9656-8080b905090d
1742,56c8ca76-6aed-4e45-a511-bdc93b3dd301
1743,0b5288c4-a18c-4261-84db-ffce164cc61a
1744,0b3c9480-d239-4ee5-a66b-4af958b0086e
1745,90a44b0f-4905-4d4f-81cf-82f00786d506
1746,8ad10925-0711-4e95-ace9-db60f06f6f4b
1747,54109f07-1024-47ce-802f-c3d0440a8093
1748,3c7ed599-0520-4e42-ae65-63f5cd31c7b9
1749,046a001b-fa29-465c-a6ad-9b43dbbf5261
1750,6907e046-0cb8-42a9-8270-29d5044db461
1751,ae0f31b4-dccc-43fd-931a-106ec20e52e6
1752,e0f0336f-5c28-47ab-ad6f-4f810250fbf4
1753,2d99fa4f-afaa-4ff4-8d99-eaf8314131bd
1754,53c4e8b8-cd30-4c12-9496-4f5d8e8506b8
1755,d5e0ea6f-ee85-4b4f-ac9c-fd6a22485b6d
1756,7592e6ee-ebba-4f56-8d74-0a8a963fdaf1
1757,8ca45ef2-e6ef-4386-a20a-d76a53b1c28a
1758,71cf2ca4-782c-481c-9eb6-041c225b32c1
1759,cc76e389-c21e-4027-b8e3-bdb5c5fc11b5
1760,44470fef-9166-47ac-961a-92c2693f8353
1761,c175345e-b71c-4563-93dc-c7d529625718
1762,ad7edbbd-3041-4233-91a1-833bc3c729d4
1763,72dd710a-0c0f-4050-8f6e-dc42f0f02ce3
1764,64be06a0-1efa-4dc2-be2c-6411a4867488
1765,c80e88fe-8e4a-4c50-9c12-ae50a242a9bf
1766,62902323-e3a1-433d-b208-c9db4cb349ab
1767,8dc6ccd9-dd97-48f0-a555-04a4a9a57454
1768,8c38029c-7cfb-45b2-af32-2dc67380b616
1769,597acec1-58c4-4bac-b729-c7e3669bdc4c
1770,6edd1510-98e9-4f77-bad9-d6e35d32fb98
1771,3c283234-2d2a-4718-abcd-85c1528e4f41
1772,826d59c5-fefd-442c-aa25-bed1492485df
1773,9affbc33-c28a-4849-aac5-e6dcbafa58e3
1774,2e2821f0-567d-469c-a5ce-323bda72749d
1775,11020729-aec4-429b-bcdf-453e7a341f36
1776,5b044c90-c0d7-4b58-8946-d8df9de64d3c
1777,3a81079e-577e-4d6e-847e-aa2e8d392cf8
1778,367fbc55-02aa-420b-885d-581df103d6c7
1779,856d23e9-d4ba-4fba-a395-7c5d01ada593
1780,46686fe4-aea5-4150-9689-7ff1b32731cc
1781,eae7b8a2-38b0-4797-9a3d-66cbd9ba26d5
1782,3b943ee3-e1f1-431e-bff3-92dd05551115
1783,cd99318e-496d-4e49-808e-e537c17c9c2c
1784,d8d209b6-8f76-4d1d-a65e-1d9fdd8511a8
1785,d0c3cdfd-aaea-4750-92a6-9fd0739ba523
1786,43fdf361-bfb0-4a7f-a468-44719f7f2822
1787,7d0b3c94-16a8-477f-b782-1ae6ceee9f03
1788,4426ca58-28b2-4178-a628-8b9a99307f05
1789,5d507b74-7517-4e56-80a1-9148dc035ac5
1790,739763b6-6f6b-4f83-af15-67a70b26dc52
1791,36c08a0e-3030-4c2d-9074-00de9765ba54
1792,fdd8a3dc-29d4-4253-9ad2-05a98f792776
1793,dae1ac10-b580-4ae2-98d3-fc50d74ec8c8
1794,71b15abe-c063-49aa-990c-8eacfd3c5591
1795,7ae6175e-3da0-41eb-b6a7-b51e9ac0c1d9
1796,3e09ef76-3f95-496e-a913-10b6e45ec52e
1797,341517b7-73f7-4f03-923e-fc08866e6681
1798,eec498dd-a0ab-419d-856a-f683c5e1fc19
1799,72e9a238-cae5-483c-8f19-80d8ddda6bef
1800,8cb86e79-e6f4-4cc7-9f6b-0e6b6c0dbd67
1801,d50a77b2-8a2b-4f03-bdc7-1ff6ad7a68bd
1802,8e6b0c0d-d75a-4bce-959a-7dff790de819
1803,3466ab0c-c561-4b6f-a360-0da0a400c943
1804,e19ce644-8b35-470d-91f1-c22e15a22784
1805,a248699d-7657-4102-8c2c-8725f0b7da19
1806,26bc87a9-d83b-4ed4-b8c0-6999591f0435
1807,8c87fdc3-5b66-496a-b629-c853589ad284
1808,02aa5842-a86d-43c3-b365-1aa039b30db2
1809,b97d606c-935d-471f-a053-dbc39dbdeddd
1810,bf3e6e31-02a3-496c-ab81-3c7a64bca40b
1811,4c56347e-5b34-4d99-b8cf-8bf64550e2c8
1812,4ab35da5-0567-4986-bb89-482903e18e08
1813,4a22f2e6-edad-4978-beb1-f67d592aca64
1814,68621958-0c5d-4603-b05a-c9044ba4a8e7
1815,7424cf64-215c-4b07-9223-7ea431bf29e8
1816,e4d2c7f3-0f96-4609-ae58-dc830c34f269
1817,38f87472-f0a0-467e-abd5-7cac7b5890e6
1818,5ac8a424-6690-40aa-9423-2cf97fdc6339
1819,07c74ca9-dc76-41cc-9333-cc2ad570448a
1820,f22daf67-e73b-46cb-921b-163f7ef6919a
1821,294c2927-e04c-4ea6-bd00-6f6dcf88b34d
1822,6cedc088-f464-4ca0-8f06-2c6902d380db
1823,4dd886e8-44ad-4e19-b316-826f25f5cc2b
1824,78e6597d-1a4f-4941-aa61-108e801b37a9
1825,96c37746-54b6-45d8-ae26-c45d7ad8d5bd
1826,bbd5568d-a28c-471e-8167-600d4513d840
1827,f46e9981-02ab-4c90-9555-da67118db3e9
1828,f44e04d4-e449-4927-ac01-e8c84aab869b
1829,d824e411-01b9-4b57-ae4c-38189e86d1ae
1830,8daaa331-b828-41f2-8f23-ff5ac70085c0
1831,923d2ade-600c-462f-92f5-55bc13bb950a
1832,09c43843-291e-426c-bfa8-6059e92c87d8
1833,6128d3b7-25bb-46e1-89b2-1be86680950c
1834,96147c60-d042-473d-bf4c-739ae9c5105d
1835,7535d672-4f71-4391-858c-57b2ef734be8
1836,f46b5a20-0820-424c-b1e5-78e62f2ea78d
1837,5487b30e-0eb1-4007-a021-b6631f743e1d
1838,8647f91f-ca62-4613-8eb6-a3a133ed3755
1839,5aa9d0dd-075e-4bbb-8700-6a20413086e0
1840,3c9b7140-8693-44a6-b585-2ef0e1073b23
1841,fadae8e7-a909-4601-98a0-deda535165b1
1842,71ae2d91-9673-4a78-aa30-5f5916d80edd
1843,f6e3fc4f-d84d-4cc6-8d15-c7c44ed5acd8
1844,2c3728b3-29c9-4f78-819c-ad7d4ca18800
1845,625748bf-aed7-4f15-a7ab-b9a63e5db31f
1846,6a36a72d-570a-4287-af88-83152755166f
1847,039c084b-cf94-459b-a702-2bc199c222c2
1848,c7ba0ce2-3853-41dc-812d-ba20b3a311aa
1849,040b66c0-f946-45fd-be92-a7c95789bbc1
1850,22b21ad4-4c50-4b00-8563-8a61a830220e
1851,f53aa59e-5c6c-4354-9bc5-f7e5d0307c13
1852,d01317a0-640d-4d4d-8497-7dfad344399e
1853,7cbd0702-4366-44f5-b640-6f81e4c78246
1854,416f389a-3da1-4629-927e-e66da99e30e5
1855,6488eedf-d141-4d6b-aea0-f873ae451cde
1856,1afcc55f-00e9-4f3f-93de-2959a65edda2
1857,fec8e6d1-3667-45f7-a5c3-c08003ea688b
1858,faf8f289-4bc4-49a7-9837-73c9be61f1f6
1859,b7ccecca-c5f5-4719-8682-01b7fcaa023a
1860,8da193fd-a01f-43e9-a908-7d9acc597cd1
1861,1b54fbe1-cbc1-4925-b647-e337f57d8df2
1862,25ece85d-59b1-44a0-bde7-dbef9273f785
1863,6fee2782-e235-45d0-b0e8-f1039953e7f7
1864,e4e24d4a-bee8-42d1-95cb-0110ad7c49f3
1865,04bfd5e4-2210-4725-927a-458e687f4287
1866,abc4fbf1-322a-4300-9e8b-5af2a65f832c
1867,836e5edb-6058-423b-9514-e56e6188b821
1868,6054c70c-d557-4352-b238-7910fef29c5b
1869,3c6f3631-e7d6-4b89-9d0b-f2e4cc263db0
1870,f9c70b4d-6826-46a5-ba71-d09ab060279e
1871,b3f51a38-7588-411e-9547-31e7e1f2e9a6
1872,bb7e9599-387c-4438-ba50-d227abaea39d
1873,d4bfd6a0-f178-4b3d-857a-66579a5686f9
1874,52aa2250-86e7-4e45-b0f5-1e90339c79aa
1875,09585842-29b1-4e26-9977-4d01846da19e
1876,793a1133-558f-41b3-b760-dc4b04bba0ce
1877,f89337cb-504d-4c06-b12d-903bc526ad72
1878,e6d59476-4180-45b6-bda0-a2970dab652c
1879,6ec9e427-4e91-4f33-b1ab-7a20395bae85
1880,e784d4a9-bc8c-44d1-adbf-ebab96161345
1881,e63b3ff3-338f-4ecc-ae53-38ef35972815
1882,b5834de1-b314-4fb3-8cf3-8222e7968163
1883,98c98d72-2178-4d77-858a-300efee8be0b
1884,649e7a55-337f-42a1-8f99-49fdb5385b7e
1885,a0a2fb05-ccea-42df-9f97-6225dfebd6fe
1886,808f3b6c-21a7-4ea8-bf6a-7de5148c40b5
1887,1d18c77d-a9e5-43db-8023-17add48f3f0c
1888,8a31e3dd-4930-4251-a102-1493a8969119
1889,98dcb494-3c21-453d-b8c0-f60356d077f9
1890,4f7b3490-334d-4947-9889-4419beb77c23
1891,fe05db12-9ba1-498e-a557-846a4a4ed1c1
1892,2d42e7ec-9f3b-46af-b2b6-e988b3a78c35
1893,ff64a4a6-d3e3-4192-900f-ade671ab8d9b
1894,e3c70a82-0bb4-4d14-a47b-83d07afe0105
1895,4fa36962-daf5-4760-805f-4f31679f3b45
1896,18998b81-b9a4-4ab1-a691-db7ef5856aa8
1897,74cfbb15-bfd0-4d83-a07d-3137fc4aad58
1898,124ba7f6-32ea-4769-b637-1525a7eacd0e
1899,a8dd3fda-85c0-4a33-986e-9434aeb82423
1900,e16a0138-a65b-48ce-ade1-b01932068a49
1901,631a3649-e33f-49c2-bf5b-e217eb62c85d
1902,71761173-f673-49b3-8339-d52b20b1517a
1903,d5bb2257-8e90-457f-b123-232bf85f71a6
1904,70ea9d45-8c19-4690-9da3-f3841f78ab3d
1905,b9ba02e7-e9bd-4833-b7d8-a7e5d6f7e117
1906,0ce5e8b2-f6f7-4016-8094-132c19794c03
1907,2718fb26-d5cb-4687-812d-b6fd430b3ba9
1908,688174e9-2a26-49ce-8e71-54346410845f
1909,cdd8d7d1-12a2-4156-8230-b79305a583c7
1910,676c2fad-5204-4e39-a38e-b52eede50232
1911,f648d19c-a12a-4d05-adec-7752456b9645
1912,ae41170d-3c5f-4371-81e6-36bfe8d39810
1913,1a5c1723-115d-4861-8743-64ca9b1a0a75
1914,10f29e30-e69a-4ccd-bc1b-32868ef79eaf
1915,dc2668f0-1a98-44bb-baf3-c7ebea122521
1916,3f9f7920-5b5d-4c8c-a58c-d0751ca167f3
1917,f4378cd0-87c0-4cdc-a025-58ce805d645b
1918,a90068d1-6f05-4465-ac23-5bf320f9ad99
1919,2c37f92e-e147-4da1-95a8-6b5161bdadea
1920,8e73a79b-d26c-412e-a82f-92772757223e
1921,ab72fa03-2b62-4a56-b0c7-498c5aeba93d
1922,4d3979a1-2b0b-4793-a473-e788f2094cd0
1923,57d8dbec-0fe2-4691-80d8-0bcf95ac0c2e
1924,ba123c0a-a9c0-4429-8ba2-6cbc1cf7763c
1925,b8a3c0be-6e61-435e-817c-f28c990adfcd
1926,86de5811-6008-4310-99af-1183a9b217b2
1927,2ae125e5-4a49-4a1e-803a-754ebb74c72d
1928,578e4a0c-024b-4391-9146-2165c51d86ad
1929,1fa35d48-18c9-41a3-87aa-587f843687f3
1930,27c7ad46-0f2d-4f09-beb5-75d67cd4d523
1931,c78e53b9-cb62-46b9-845d-6a3353810a0a
1932,19dfe592-e3d1-4808-9242-9875140a172b
1933,a439a5b3-df75-4343-a970-155aec636f7f
1934,91464a7a-b595-43e5-a1c9-64d556fe053a
1935,42fe2ec7-5096-498b-9af7-99cc7d5d650a
1936,c0b26af4-be32-440f-936f-05b7c45daf0c
1937,547304d2-f4ca-4c31-bd3d-6e0cf318cc7e
1938,92054881-e846-41d8-b048-11cb061d29c4
1939,8c6747e0-06aa-4d14-9719-e76fc97e1bf1
1940,09c14f30-b8a2-4110-883f-8b994bef78ac
1941,39206090-c300-4f1b-ba50-9287d94d7456
1942,3d2de34c-a6cf-4c93-a77a-f0eb083612a3
1943,ea190eaa-5af7-4595-82a9-171cb2c11a7f
1944,e8db6095-b7b8-42b6-b89e-2fd20edde0e3
1945,e11f01fc-d83c-4b9f-9151-fa929a64c51e
1946,f1f2be3f-11e3-46d1-b2d8-2abaed6c3fcc
1947,00585f0f-9a3a-4308-9bda-54fd1ad14317
1948,ff89cadc-fa2c-4fb3-88f9-dac154a1816e
1949,710bda95-0049-42f9-b5b1-06cac0d49741
1950,8686028e-9a19-4295-bbd3-2a0e93d678ae
1951,d22ba4eb-e3ee-43ca-adfc-ea1110358cd1
1952,cfa042eb-8785-4624-baa0-b10d308e8e0b
1953,b0dd1b6c-d588-48e0-b695-a660b4c517ed
1954,6e8bd4a4-2a45-4d02-b392-683f307fcc16
1955,78820806-22dd-4304-8e5d-556eb70b475e
1956,3d6d43a8-f3bc-4035-835d-f65c4588fd0e
1957,c1f75d0b-06ad-4a3c-b699-3a95bcbba95d
1958,23b79a95-7c9c-4b85-990b-026f0a4e818b
1959,25a67d40-a0c6-4697-9cf7-da0b360c5f2c
1960,f932b8c8-eaac-4225-8441-09b5b8f3ed7d
1961,cc4bc4d4-be64-47a6-904b-bf0d08e015d4
1962,da2908d3-6401-4cd3-a940-e2879d109095
1963,3b6e5730-7415-4813-bc1d-f9e598c12066
1964,2b94ce2e-9c6f-429e-80fb-d82a2e0a8d84
1965,1d2f3cf2-86a7-4414-bf61-80ba05283118
1966,3a0c9769-35f1-42bd-bfa0-086f355a3be2
1967,70a2f811-5847-4db0-84de-3f414f7fc63a
1968,1fa5722d-e53b-4f8b-a9c4-13020ed8090f
1969,d8169ebf-4b42-40ad-85ec-f6a32de159e3
1970,20bd449b-8186-487c-8d30-3ed2f2c91271
1971,3809fd21-4a9c-4906-990d-3f18ecb2857c
1972,ac6182fe-61ab-4050-b1e7-13ba57dc571d
1973,8c3d55e9-63d1-4e20-b029-7a0cd40070f4
1974,6658a65d-074c-47c5-b257-f72fdccb81ea
1975,7afc21d2-692c-4efc-a6f3-72bddeb98744
1976,85747ca5-50b1-494c-8bf8-9cc41afbafb6
1977,07a3ec63-28fa-4f81-8358-c80778cd43bb
1978,1bdb73f6-d587-43c7-8920-525f1332511b
1979,023ebcf4-bd22-424e-8819-04ed8e058085
1980,f5dbc592-50af-41d3-be94-540bd9a5f0b8
1981,12ab14d4-6be9-4545-ba7f-deca3713ab70
1982,7f906d28-10a2-40df-8b7e-82e38c2eb931
1983,db5635ec-0a68-4ed2-8a55-54998e09c01c
1984,820eab71-b52b-43ad-81a3-795b6e90f07e
1985,892bbf4b-9613-4b5c-a06c-43be73c91f75
1986,856bd684-8907-4b03-8cb6-a4e6cb06106b
1987,5698ed97-c00f-4f33-af7a-2873aca5126a
1988,86e11f40-6d00-4b45-9193-d481ec02e3aa
1989,f387cc32-dd53-4807-986f-2666736f813a
1990,d0f03061-9df1-40fe-99f0-71462d952621
1991,ee4f9469-82cc-4afc-84c1-d17cf0f48000
1992,46bccfd3-97a2-478b-a8dd-87e79b47fe0b
1993,ecbee556-ad5f-48f5-9c59-20eca1493164
1994,7461d225-2d76-4659-b48e-dabd01a5e6a5
1995,d0cae1fa-e7e9-4c45-a230-f3f7e5cd6234
1996,643c1008-e093-4c3e-b08e-e62583ea3d2f
1997,af7ef471-ffa4-4b65-b88e-6603b20577b2
1998,7bc98b86-f564-4917-9fdc-b36b3e9ee8d1
1999,048e86ba-f8a3-4490-996b-22d4698b575c
2000,faaff486-b284-4d99-9f47-37c2ea116e64
2001,c1eeedf0-8746-4ab2-a389-2d1c945a5731
2002,4a9fc021-a64b-4138-8a23-a401dbe42327
2003,22593831-4454-479a-bf4e-5ae2ee06120a
2004,3caf7bd9-a87d-4d6e-8be0-3441909a9fde
